"channel_id","date","time","utc_time","along_channel_distance","CoordX","CoordY","longitude","latitude","water_surface_elevation_NAVD88","water_surface_elevation_WGS84","water_surface_elevation_uncertainty"
"WLO","2015-05-09","17:14:05",62045,1700,658323.73,3289726.51,-91.3630158,29.7276265,1.68,-23.927,0.075
"WLO","2015-05-09","17:14:05",62045,1750,658307.86,3289679.1,-91.3631868,29.7272008,1.681,-23.926,0.075
"WLO","2015-05-09","17:14:05",62045,1800,658291.98,3289631.69,-91.3633579,29.7267751,1.681,-23.925,0.074
"WLO","2015-05-09","17:14:05",62045,1850,658276.11,3289584.27,-91.3635288,29.7263494,1.682,-23.924,0.074
"WLO","2015-05-09","17:14:05",62045,1900,658260.23,3289536.86,-91.3636999,29.7259237,1.682,-23.924,0.074
"WLO","2015-05-09","17:14:05",62045,1950,658244.36,3289489.45,-91.3638709,29.725498,1.682,-23.923,0.074
"WLO","2015-05-09","17:14:05",62045,2000,658228.48,3289442.03,-91.3640419,29.7250723,1.681,-23.923,0.074
"WLO","2015-05-09","17:14:05",62045,2050,658212.61,3289394.62,-91.3642129,29.7246466,1.681,-23.922,0.074
"WLO","2015-05-09","17:14:05",62045,2100,658196.73,3289347.21,-91.364384,29.7242209,1.681,-23.922,0.074
"WLO","2015-05-09","17:14:05",62045,2150,658180.86,3289299.8,-91.3645549,29.7237953,1.68,-23.922,0.074
"WLO","2015-05-09","17:14:05",62045,2200,658164.99,3289252.38,-91.3647259,29.7233695,1.68,-23.922,0.074
"WLO","2015-05-09","17:14:05",62045,2250,658149.11,3289204.97,-91.364897,29.7229438,1.679,-23.922,0.074
"WLO","2015-05-09","17:14:05",62045,2300,658133.24,3289157.56,-91.3650679,29.7225181,1.678,-23.922,0.074
"WLO","2015-05-09","17:14:05",62045,2350,658117.36,3289110.14,-91.365239,29.7220924,1.678,-23.921,0.074
"WLO","2015-05-09","17:14:05",62045,2400,658101.49,3289062.73,-91.3654099,29.7216667,1.677,-23.921,0.074
"WLO","2015-05-09","17:14:05",62045,2450,658085.61,3289015.32,-91.365581,29.721241,1.676,-23.921,0.074
"WLO","2015-05-09","17:14:05",62045,2500,658069.74,3288967.9,-91.365752,29.7208153,1.676,-23.921,0.074
"WLO","2015-05-09","17:14:05",62045,2550,658053.86,3288920.49,-91.365923,29.7203896,1.675,-23.921,0.074
"WLO","2015-05-09","17:14:05",62045,2600,658037.99,3288873.08,-91.366094,29.7199639,1.674,-23.921,0.074
"WLO","2015-05-09","17:14:05",62045,2650,658022.27,3288825.61,-91.3662634,29.7195377,1.673,-23.921,0.074
"WLO","2015-05-09","17:14:05",62045,2700,658006.82,3288778.06,-91.36643,29.7191107,1.672,-23.921,0.074
"WLO","2015-05-09","17:14:05",62045,2750,657991.37,3288730.51,-91.3665966,29.7186837,1.671,-23.92,0.074
"WLO","2015-05-09","17:14:05",62045,2800,657975.92,3288682.95,-91.3667632,29.7182566,1.67,-23.921,0.074
"WLO","2015-05-09","17:14:05",62045,2850,657960.47,3288635.4,-91.3669299,29.7178296,1.669,-23.921,0.074
"WLO","2015-05-09","17:14:05",62045,2900,657945.02,3288587.85,-91.3670965,29.7174026,1.667,-23.922,0.074
"WLO","2015-05-09","17:14:05",62045,2950,657929.57,3288540.3,-91.3672631,29.7169756,1.666,-23.922,0.074
"WLO","2015-05-09","17:14:05",62045,3000,657914.12,3288492.74,-91.3674297,29.7165485,1.664,-23.923,0.074
"WLO","2015-05-09","17:14:05",62045,3050,657898.67,3288445.19,-91.3675963,29.7161216,1.661,-23.924,0.074
"WLO","2015-05-09","17:14:05",62045,3100,657883.21,3288397.64,-91.3677631,29.7156946,1.659,-23.925,0.074
"WLO","2015-05-09","17:14:05",62045,3150,657867.76,3288350.08,-91.3679297,29.7152675,1.657,-23.926,0.074
"WLO","2015-05-09","17:14:05",62045,3200,657852.31,3288302.53,-91.3680963,29.7148405,1.655,-23.927,0.074
"WLO","2015-05-09","17:14:05",62045,3250,657836.86,3288254.98,-91.3682629,29.7144135,1.653,-23.928,0.074
"WLO","2015-05-09","17:14:05",62045,3300,657821.41,3288207.43,-91.3684295,29.7139865,1.65,-23.929,0.074
"WLO","2015-05-09","17:14:05",62045,3350,657805.96,3288159.87,-91.3685961,29.7135594,1.648,-23.931,0.074
"WLO","2015-05-09","17:14:05",62045,3400,657790.51,3288112.32,-91.3687627,29.7131324,1.646,-23.932,0.074
"WLO","2015-05-09","17:14:05",62045,3450,657775.06,3288064.77,-91.3689293,29.7127054,1.643,-23.933,0.074
"WLO","2015-05-09","17:14:05",62045,3500,657759.61,3288017.21,-91.3690959,29.7122783,1.64,-23.935,0.074
"WLO","2015-05-09","17:14:05",62045,3550,657744.16,3287969.66,-91.3692625,29.7118513,1.638,-23.936,0.074
"WLO","2015-05-09","17:14:05",62045,3600,657728.71,3287922.11,-91.3694291,29.7114243,1.636,-23.937,0.074
"WLO","2015-05-09","17:14:05",62045,3650,657713.25,3287874.56,-91.3695958,29.7109973,1.633,-23.938,0.074
"WLO","2015-05-09","17:14:05",62045,3700,657697.8,3287827,-91.3697624,29.7105702,1.631,-23.94,0.074
"WLO","2015-05-09","17:14:05",62045,3750,657682.35,3287779.45,-91.369929,29.7101432,1.628,-23.941,0.074
"WLO","2015-05-09","17:14:05",62045,3800,657666.9,3287731.9,-91.3700956,29.7097162,1.626,-23.942,0.074
"WLO","2015-05-09","17:14:05",62045,3850,657651.45,3287684.34,-91.3702622,29.7092891,1.623,-23.944,0.074
"WLO","2015-05-09","17:14:05",62045,3900,657636,3287636.79,-91.3704288,29.7088622,1.62,-23.945,0.074
"WLO","2015-05-09","17:14:05",62045,3950,657620.55,3287589.24,-91.3705954,29.7084352,1.617,-23.947,0.074
"WLO","2015-05-09","17:14:05",62045,4000,657605.1,3287541.69,-91.370762,29.7080081,1.614,-23.949,0.074
"WLO","2015-05-09","17:14:05",62045,4050,657589.65,3287494.13,-91.3709286,29.7075811,1.611,-23.951,0.074
"WLO","2015-05-09","17:14:05",62045,4100,657574.2,3287446.58,-91.3710951,29.7071541,1.607,-23.954,0.074
"WLO","2015-05-09","17:14:05",62045,4150,657558.75,3287399.03,-91.3712617,29.7067271,1.603,-23.957,0.074
"WLO","2015-05-09","17:14:05",62045,4200,657543.29,3287351.48,-91.3714284,29.7063001,1.599,-23.96,0.074
"WLO","2015-05-09","17:14:05",62045,4250,657527.84,3287303.92,-91.371595,29.705873,1.594,-23.963,0.074
"WLO","2015-05-09","17:14:05",62045,4300,657512.39,3287256.37,-91.3717616,29.705446,1.589,-23.967,0.074
"WLO","2015-05-09","17:14:05",62045,4350,657496.94,3287208.82,-91.3719281,29.705019,1.584,-23.971,0.074
"WLO","2015-05-09","17:14:05",62045,4400,657481.49,3287161.26,-91.3720947,29.7045919,1.578,-23.976,0.074
"WLO","2015-05-09","17:14:05",62045,4450,657466.04,3287113.71,-91.3722613,29.7041649,1.572,-23.981,0.074
"WLO","2015-05-09","17:14:05",62045,4500,657450.59,3287066.16,-91.3724279,29.7037379,1.565,-23.986,0.074
"WLO","2015-05-09","17:14:05",62045,4550,657435.14,3287018.61,-91.3725944,29.7033109,1.559,-23.992,0.074
"WLO","2015-05-09","17:14:05",62045,4600,657419.69,3286971.05,-91.372761,29.7028838,1.552,-23.998,0.074
"WLO","2015-05-09","17:14:05",62045,4650,657404.24,3286923.5,-91.3729276,29.7024568,1.544,-24.004,0.074
"WLO","2015-05-09","17:14:05",62045,4700,657388.79,3286875.95,-91.3730941,29.7020298,1.536,-24.011,0.074
"WLO","2015-05-09","17:14:05",62045,4750,657373.33,3286828.39,-91.3732608,29.7016027,1.528,-24.018,0.074
"WLO","2015-05-09","17:14:05",62045,4800,657357.88,3286780.84,-91.3734274,29.7011757,1.519,-24.025,0.074
"WLO","2015-05-09","17:14:05",62045,4850,657342.43,3286733.29,-91.3735939,29.7007487,1.51,-24.033,0.074
"WLO","2015-05-09","17:14:05",62045,4900,657326.98,3286685.74,-91.3737605,29.7003216,1.502,-24.04,0.074
"WLO","2015-05-09","17:14:05",62045,4950,657311.53,3286638.18,-91.3739271,29.6998946,1.493,-24.048,0.074
"WLO","2015-05-09","17:14:05",62045,5000,657296.08,3286590.63,-91.3740936,29.6994675,1.484,-24.056,0.074
"WLO","2015-05-09","17:14:05",62045,5050,657280.63,3286543.08,-91.3742602,29.6990405,1.475,-24.064,0.074
"WLO","2015-05-09","17:14:05",62045,5100,657265.18,3286495.52,-91.3744267,29.6986134,1.466,-24.071,0.074
"WLO","2015-05-09","17:14:05",62045,5150,657249.73,3286447.97,-91.3745933,29.6981864,1.458,-24.078,0.074
"WLO","2015-05-09","17:14:05",62045,5200,657234.28,3286400.42,-91.3747598,29.6977594,1.45,-24.085,0.074
"WLO","2015-05-09","17:14:05",62045,5250,657218.83,3286352.87,-91.3749264,29.6973324,1.442,-24.092,0.074
"WLO","2015-05-09","17:14:05",62045,5300,657203.38,3286305.31,-91.3750929,29.6969053,1.435,-24.098,0.074
"WLO","2015-05-09","17:14:05",62045,5350,657187.92,3286257.76,-91.3752596,29.6964783,1.428,-24.104,0.074
"WLO","2015-05-09","17:14:05",62045,5400,657172.47,3286210.21,-91.3754261,29.6960513,1.421,-24.11,0.074
"WLO","2015-05-09","17:14:05",62045,5450,657157.02,3286162.65,-91.3755927,29.6956242,1.414,-24.115,0.074
"WLO","2015-05-09","17:14:05",62045,5500,657141.57,3286115.1,-91.3757592,29.6951972,1.408,-24.121,0.074
"WLO","2015-05-09","17:14:05",62045,5550,657126.12,3286067.55,-91.3759258,29.6947702,1.401,-24.126,0.074
"WLO","2015-05-09","17:14:05",62045,5600,657110.67,3286020,-91.3760923,29.6943432,1.395,-24.131,0.074
"WLO","2015-05-09","17:14:05",62045,5650,657095.22,3285972.44,-91.3762588,29.6939161,1.388,-24.137,0.074
"WLO","2015-05-09","17:14:05",62045,5700,657079.77,3285924.89,-91.3764254,29.6934891,1.382,-24.142,0.074
"WLO","2015-05-09","17:14:05",62045,5750,657064.32,3285877.34,-91.3765919,29.6930621,1.375,-24.147,0.074
"WLO","2015-05-09","17:14:05",62045,5800,657048.87,3285829.79,-91.3767584,29.692635,1.369,-24.153,0.074
"WLO","2015-05-09","17:14:05",62045,5850,657033.42,3285782.23,-91.376925,29.6922079,1.362,-24.158,0.074
"WLO","2015-05-09","17:14:05",62045,5900,657017.96,3285734.68,-91.3770916,29.6917809,1.356,-24.163,0.074
"WLO","2015-05-09","17:14:05",62045,5950,657002.51,3285687.13,-91.3772581,29.6913539,1.35,-24.168,0.074
"WLO","2015-05-09","17:14:05",62045,6000,656987.06,3285639.57,-91.3774247,29.6909268,1.344,-24.172,0.074
"WLO","2015-05-09","17:14:05",62045,6050,656971.61,3285592.02,-91.3775912,29.6904998,1.339,-24.177,0.074
"WLO","2015-05-09","17:14:05",62045,6100,656956.16,3285544.47,-91.3777577,29.6900728,1.334,-24.181,0.074
"WLO","2015-05-09","17:14:05",62045,6150,656940.71,3285496.92,-91.3779242,29.6896458,1.329,-24.185,0.074
"WLO","2015-05-09","17:14:05",62045,6200,656925.26,3285449.36,-91.3780908,29.6892187,1.324,-24.188,0.074
"WLO","2015-05-09","17:14:05",62045,6250,656909.81,3285401.81,-91.3782573,29.6887917,1.319,-24.192,0.074
"WLO","2015-05-09","17:14:05",62045,6300,656894.36,3285354.26,-91.3784238,29.6883647,1.314,-24.196,0.074
"WLO","2015-05-09","17:14:05",62045,6350,656878.91,3285306.7,-91.3785903,29.6879376,1.31,-24.199,0.074
"WLO","2015-05-09","17:14:05",62045,6400,656863.46,3285259.15,-91.3787568,29.6875105,1.306,-24.202,0.074
"WLO","2015-05-09","17:14:05",62045,6450,656847.82,3285211.66,-91.3789253,29.6870841,1.302,-24.205,0.074
"WLO","2015-05-09","17:14:05",62045,6500,656832.11,3285164.19,-91.3790945,29.6866578,1.298,-24.208,0.074
"WLO","2015-05-09","17:14:05",62045,6550,656816.41,3285116.72,-91.3792636,29.6862316,1.294,-24.21,0.074
"WLO","2015-05-09","17:14:05",62045,6600,656800.71,3285069.25,-91.3794327,29.6858053,1.29,-24.213,0.074
"WLO","2015-05-09","17:14:05",62045,6650,656785.01,3285021.78,-91.3796017,29.685379,1.287,-24.215,0.074
"WLO","2015-05-09","17:14:05",62045,6700,656769.3,3284974.31,-91.3797709,29.6849528,1.284,-24.217,0.074
"WLO","2015-05-09","17:14:05",62045,6750,656753.6,3284926.84,-91.37994,29.6845265,1.281,-24.219,0.074
"WLO","2015-05-09","17:14:05",62045,6800,656737.9,3284879.37,-91.3801091,29.6841003,1.279,-24.22,0.074
"WLO","2015-05-09","17:14:05",62045,6850,656722.19,3284831.9,-91.3802782,29.683674,1.277,-24.221,0.074
"WLO","2015-05-09","17:14:05",62045,6900,656706.49,3284784.43,-91.3804473,29.6832477,1.274,-24.222,0.074
"WLO","2015-05-09","17:14:05",62045,6950,656690.79,3284736.96,-91.3806164,29.6828215,1.272,-24.223,0.074
"WLO","2015-05-09","17:14:05",62045,7000,656675.09,3284689.49,-91.3807855,29.6823952,1.27,-24.224,0.074
"WLO","2015-05-09","17:14:05",62045,7050,656659.38,3284642.02,-91.3809546,29.6819689,1.267,-24.226,0.074
"WLO","2015-05-09","17:14:05",62045,7100,656643.68,3284594.55,-91.3811237,29.6815427,1.264,-24.227,0.074
"WLO","2015-05-09","17:14:05",62045,7150,656627.98,3284547.08,-91.3812928,29.6811164,1.262,-24.229,0.074
"WLO","2015-05-09","17:14:05",62045,7200,656612.27,3284499.61,-91.3814619,29.6806901,1.259,-24.231,0.074
"WLO","2015-05-09","17:14:05",62045,7250,656596.57,3284452.14,-91.381631,29.6802639,1.256,-24.233,0.074
"WLO","2015-05-09","17:14:05",62045,7300,656580.87,3284404.67,-91.3818001,29.6798376,1.252,-24.235,0.074
"WLO","2015-05-09","17:14:05",62045,7350,656565.17,3284357.2,-91.3819691,29.6794113,1.249,-24.238,0.074
"WLO","2015-05-09","17:14:05",62045,7400,656549.46,3284309.73,-91.3821383,29.6789851,1.245,-24.24,0.074
"WLO","2015-05-09","17:14:05",62045,7450,656533.76,3284262.26,-91.3823073,29.6785588,1.241,-24.243,0.074
"WLO","2015-05-09","17:14:05",62045,7500,656518.06,3284214.79,-91.3824764,29.6781325,1.237,-24.246,0.074
"WLO","2015-05-09","17:14:05",62045,7550,656502.35,3284167.32,-91.3826455,29.6777063,1.233,-24.249,0.074
"WLO","2015-05-09","17:14:05",62045,7600,656486.65,3284119.85,-91.3828146,29.67728,1.229,-24.252,0.074
"WLO","2015-05-09","17:14:05",62045,7650,656470.95,3284072.38,-91.3829836,29.6768537,1.224,-24.256,0.074
"WLO","2015-05-09","17:14:05",62045,7700,656455.24,3284024.91,-91.3831528,29.6764275,1.22,-24.259,0.074
"WLO","2015-05-09","17:14:05",62045,7750,656439.54,3283977.44,-91.3833218,29.6760012,1.215,-24.263,0.074
"WLO","2015-05-09","17:14:05",62045,7800,656423.84,3283929.96,-91.3834909,29.6755748,1.211,-24.266,0.074
"WLO","2015-05-09","17:14:05",62045,7850,656408.14,3283882.49,-91.3836599,29.6751486,1.207,-24.269,0.074
"WLO","2015-05-09","17:14:05",62045,7900,656392.43,3283835.02,-91.3838291,29.6747223,1.203,-24.272,0.074
"WLO","2015-05-09","17:14:05",62045,7950,656376.73,3283787.55,-91.3839981,29.674296,1.199,-24.275,0.074
"WLO","2015-05-09","17:14:05",62045,8000,656361.03,3283740.08,-91.3841672,29.6738698,1.195,-24.278,0.074
"WLO","2015-05-09","17:14:05",62045,8050,656345.32,3283692.61,-91.3843363,29.6734435,1.191,-24.281,0.074
"WLO","2015-05-09","17:14:05",62045,8100,656329.62,3283645.14,-91.3845053,29.6730172,1.187,-24.284,0.074
"WLO","2015-05-09","17:14:05",62045,8150,656313.92,3283597.67,-91.3846744,29.672591,1.183,-24.286,0.074
"WLO","2015-05-09","17:14:05",62045,8200,656298.22,3283550.2,-91.3848434,29.6721647,1.18,-24.289,0.074
"WLO","2015-05-09","17:14:05",62045,8250,656282.51,3283502.73,-91.3850125,29.6717384,1.176,-24.292,0.074
"WLO","2015-05-09","17:14:05",62045,8300,656266.81,3283455.26,-91.3851816,29.6713121,1.173,-24.294,0.074
"WLO","2015-05-09","17:14:05",62045,8350,656251.11,3283407.79,-91.3853506,29.6708859,1.169,-24.297,0.074
"WLO","2015-05-09","17:14:05",62045,8400,656235.4,3283360.32,-91.3855197,29.6704596,1.166,-24.299,0.074
"WLO","2015-05-09","17:14:05",62045,8450,656219.7,3283312.85,-91.3856887,29.6700333,1.163,-24.301,0.074
"WLO","2015-05-09","17:14:05",62045,8500,656204,3283265.38,-91.3858578,29.6696071,1.16,-24.302,0.074
"WLO","2015-05-09","17:14:05",62045,8550,656188.3,3283217.91,-91.3860268,29.6691808,1.158,-24.304,0.074
"WLO","2015-05-09","17:14:05",62045,8600,656172.59,3283170.44,-91.3861959,29.6687545,1.155,-24.305,0.074
"WLO","2015-05-09","17:14:05",62045,8650,656156.89,3283122.97,-91.3863649,29.6683282,1.154,-24.306,0.074
"WLO","2015-05-09","17:14:05",62045,8700,656141.19,3283075.5,-91.386534,29.667902,1.151,-24.307,0.074
"WLO","2015-05-09","17:14:05",62045,8750,656125.48,3283028.03,-91.3867031,29.6674757,1.149,-24.309,0.074
"WLO","2015-05-09","17:14:05",62045,8800,656109.78,3282980.56,-91.3868721,29.6670494,1.146,-24.31,0.074
"WLO","2015-05-09","17:14:05",62045,8850,656094.08,3282933.09,-91.3870411,29.6666231,1.144,-24.311,0.074
"WLO","2015-05-09","17:14:05",62045,8900,656078.38,3282885.62,-91.3872101,29.6661969,1.142,-24.313,0.074
"WLO","2015-05-09","17:14:05",62045,8950,656062.67,3282838.15,-91.3873792,29.6657706,1.14,-24.314,0.074
"WLO","2015-05-09","17:14:05",62045,9000,656046.97,3282790.68,-91.3875482,29.6653443,1.137,-24.315,0.074
"WLO","2015-05-09","17:14:05",62045,9050,656031.27,3282743.21,-91.3877172,29.664918,1.135,-24.316,0.074
"WLO","2015-05-09","17:14:05",62045,9100,656015.56,3282695.74,-91.3878864,29.6644918,1.134,-24.317,0.074
"WLO","2015-05-09","17:14:05",62045,9150,655999.86,3282648.27,-91.3880554,29.6640655,1.132,-24.317,0.074
"WLO","2015-05-09","17:14:05",62045,9200,655984.16,3282600.8,-91.3882244,29.6636392,1.13,-24.318,0.074
"WLO","2015-05-09","17:14:05",62045,9250,655968.45,3282553.33,-91.3883935,29.6632129,1.128,-24.319,0.074
"WLO","2015-05-09","17:14:05",62045,9300,655952.75,3282505.86,-91.3885625,29.6627866,1.126,-24.321,0.074
"WLO","2015-05-09","17:14:05",62045,9350,655937.05,3282458.39,-91.3887315,29.6623604,1.123,-24.322,0.074
"WLO","2015-05-09","17:14:05",62045,9400,655921.35,3282410.92,-91.3889005,29.6619341,1.12,-24.324,0.074
"WLO","2015-05-09","17:14:05",62045,9450,655905.64,3282363.45,-91.3890696,29.6615078,1.117,-24.326,0.074
"WLO","2015-05-09","17:14:05",62045,9500,655889.94,3282315.98,-91.3892386,29.6610815,1.114,-24.328,0.074
"WLO","2015-05-09","17:14:05",62045,9550,655874.24,3282268.51,-91.3894075,29.6606553,1.111,-24.33,0.074
"WLO","2015-05-09","17:14:05",62045,9600,655858.53,3282221.04,-91.3895766,29.660229,1.108,-24.332,0.074
"WLO","2015-05-09","17:14:05",62045,9650,655842.83,3282173.57,-91.3897456,29.6598027,1.104,-24.335,0.074
"WLO","2015-05-09","17:14:05",62045,9700,655827.13,3282126.1,-91.3899146,29.6593764,1.101,-24.337,0.074
"WLO","2015-05-09","17:14:05",62045,9750,655811.43,3282078.63,-91.3900836,29.6589501,1.098,-24.339,0.074
"WLO","2015-05-09","17:14:05",62045,9800,655795.72,3282031.16,-91.3902527,29.6585239,1.095,-24.341,0.074
"WLO","2015-05-09","17:14:05",62045,9850,655780.02,3281983.69,-91.3904217,29.6580976,1.092,-24.343,0.074
"WLO","2015-05-09","17:14:05",62045,9900,655764.42,3281936.18,-91.3905896,29.6576709,1.09,-24.344,0.074
"WLO","2015-05-09","17:14:05",62045,9950,655748.9,3281888.65,-91.3907568,29.6572441,1.087,-24.346,0.074
"WLO","2015-05-09","17:14:05",62045,10000,655733.38,3281841.12,-91.3909239,29.6568172,1.085,-24.348,0.074
"WLO","2015-05-09","17:14:05",62045,10050,655717.86,3281793.59,-91.391091,29.6563904,1.082,-24.349,0.074
"WLO","2015-05-09","17:14:05",62045,10100,655702.35,3281746.06,-91.391258,29.6559635,1.079,-24.351,0.074
"WLO","2015-05-09","17:14:05",62045,10150,655686.83,3281698.53,-91.3914252,29.6555367,1.076,-24.353,0.074
"WLO","2015-05-09","17:14:05",62045,10200,655671.31,3281651,-91.3915923,29.6551098,1.074,-24.354,0.074
"WLO","2015-05-09","17:14:05",62045,10250,655655.8,3281603.47,-91.3917593,29.654683,1.072,-24.355,0.074
"WLO","2015-05-09","17:14:05",62045,10300,655640.28,3281555.93,-91.3919264,29.6542561,1.071,-24.356,0.074
"WLO","2015-05-09","17:14:05",62045,10350,655624.76,3281508.4,-91.3920935,29.6538292,1.069,-24.356,0.074
"WLO","2015-05-09","17:14:05",62045,10400,655609.24,3281460.87,-91.3922607,29.6534024,1.069,-24.356,0.074
"WLO","2015-05-09","17:14:05",62045,10450,655593.73,3281413.34,-91.3924277,29.6529755,1.068,-24.355,0.074
"WLO","2015-05-09","17:14:05",62045,10500,655578.21,3281365.81,-91.3925948,29.6525487,1.067,-24.355,0.074
"WLO","2015-05-09","17:14:05",62045,10550,655562.69,3281318.28,-91.3927619,29.6521218,1.067,-24.355,0.074
"WLO","2015-05-09","17:14:05",62045,10600,655547.17,3281270.75,-91.392929,29.651695,1.066,-24.355,0.074
"WLO","2015-05-09","17:14:05",62045,10650,655531.66,3281223.22,-91.393096,29.6512681,1.065,-24.354,0.074
"WLO","2015-05-09","17:14:05",62045,10700,655516.14,3281175.69,-91.3932631,29.6508413,1.065,-24.354,0.074
"WLO","2015-05-09","17:14:05",62045,10750,655500.62,3281128.15,-91.3934302,29.6504143,1.064,-24.355,0.074
"WLO","2015-05-09","17:14:05",62045,10800,655485.1,3281080.62,-91.3935973,29.6499875,1.063,-24.355,0.074
"WLO","2015-05-09","17:14:05",62045,10850,655469.59,3281033.09,-91.3937643,29.6495606,1.062,-24.354,0.074
"WLO","2015-05-09","17:14:05",62045,10900,655454.07,3280985.56,-91.3939314,29.6491338,1.061,-24.354,0.074
"WLO","2015-05-09","17:14:05",62045,10950,655438.55,3280938.03,-91.3940985,29.6487069,1.061,-24.354,0.074
"WLO","2015-05-09","17:14:05",62045,11000,655423.04,3280890.5,-91.3942655,29.6482801,1.06,-24.354,0.074
"WLO","2015-05-09","17:14:05",62045,11050,655407.52,3280842.97,-91.3944326,29.6478532,1.059,-24.353,0.074
"WLO","2015-05-09","17:14:05",62045,11100,655392,3280795.44,-91.3945997,29.6474264,1.058,-24.353,0.074
"WLO","2015-05-09","17:14:05",62045,11150,655376.48,3280747.9,-91.3947668,29.6469994,1.057,-24.354,0.074
"WLO","2015-05-09","17:14:05",62045,11200,655360.97,3280700.37,-91.3949338,29.6465726,1.055,-24.354,0.074
"WLO","2015-05-09","17:14:05",62045,11250,655345.45,3280652.84,-91.3951009,29.6461457,1.053,-24.356,0.074
"WLO","2015-05-09","17:14:05",62045,11300,655329.93,3280605.31,-91.395268,29.6457189,1.051,-24.357,0.074
"WLO","2015-05-09","17:14:05",62045,11350,655314.41,3280557.78,-91.3954351,29.645292,1.05,-24.358,0.074
"WLO","2015-05-09","17:14:05",62045,11400,655298.9,3280510.25,-91.3956021,29.6448651,1.048,-24.359,0.074
"WLO","2015-05-09","17:14:05",62045,11450,655283.38,3280462.72,-91.3957691,29.6444383,1.046,-24.359,0.074
"WLO","2015-05-09","17:14:05",62045,11500,655267.86,3280415.19,-91.3959362,29.6440114,1.045,-24.36,0.074
"WLO","2015-05-09","17:14:05",62045,11550,655252.34,3280367.66,-91.3961033,29.6435846,1.043,-24.36,0.074
"WLO","2015-05-09","17:14:05",62045,11600,655236.83,3280320.12,-91.3962703,29.6431576,1.043,-24.36,0.074
"WLO","2015-05-09","17:14:05",62045,11650,655221.31,3280272.59,-91.3964374,29.6427308,1.041,-24.361,0.074
"WLO","2015-05-09","17:14:05",62045,11700,655205.79,3280225.06,-91.3966044,29.6423039,1.04,-24.361,0.074
"WLO","2015-05-09","17:14:05",62045,11750,655190.28,3280177.53,-91.3967714,29.6418771,1.04,-24.361,0.074
"WLO","2015-05-09","17:14:05",62045,11800,655174.76,3280130,-91.3969385,29.6414502,1.039,-24.361,0.074
"WLO","2015-05-09","17:14:05",62045,11850,655159.24,3280082.47,-91.3971056,29.6410233,1.038,-24.361,0.074
"WLO","2015-05-09","17:14:05",62045,11900,655143.72,3280034.94,-91.3972726,29.6405965,1.036,-24.361,0.074
"WLO","2015-05-09","17:14:05",62045,11950,655128.21,3279987.41,-91.3974396,29.6401696,1.035,-24.362,0.074
"WLO","2015-05-09","17:14:05",62045,12000,655112.69,3279939.88,-91.3976067,29.6397428,1.034,-24.362,0.074
"WLO","2015-05-09","17:14:05",62045,12050,655097.17,3279892.34,-91.3977737,29.6393158,1.033,-24.363,0.074
"WLO","2015-05-09","17:14:05",62045,12100,655081.65,3279844.81,-91.3979408,29.638889,1.031,-24.363,0.074
"WLO","2015-05-09","17:14:05",62045,12150,655066.14,3279797.28,-91.3981078,29.6384621,1.03,-24.363,0.074
"WLO","2015-05-09","17:14:05",62045,12200,655050.62,3279749.75,-91.3982748,29.6380353,1.029,-24.363,0.074
"WLO","2015-05-09","17:14:05",62045,12250,655035.1,3279702.22,-91.3984419,29.6376084,1.028,-24.363,0.074
"WLO","2015-05-09","17:14:05",62045,12300,655019.58,3279654.69,-91.398609,29.6371815,1.027,-24.363,0.074
"WLO","2015-05-09","17:14:05",62045,12350,655004.07,3279607.16,-91.3987759,29.6367547,1.026,-24.363,0.074
"WLO","2015-05-09","17:14:05",62045,12400,654988.55,3279559.63,-91.398943,29.6363278,1.025,-24.364,0.074
"WLO","2015-05-09","17:14:05",62045,12450,654973.03,3279512.09,-91.39911,29.6359009,1.023,-24.365,0.074
"WLO","2015-05-09","17:14:05",62045,12500,654957.52,3279464.56,-91.399277,29.635474,1.021,-24.365,0.074
"WLO","2015-05-09","17:14:05",62045,12550,654942,3279417.03,-91.399444,29.6350471,1.02,-24.366,0.074
"WLO","2015-05-09","17:14:05",62045,12600,654926.48,3279369.5,-91.3996111,29.6346203,1.018,-24.367,0.074
"WLO","2015-05-09","17:14:05",62045,12650,654910.96,3279321.97,-91.3997781,29.6341934,1.017,-24.367,0.074
"WLO","2015-05-09","17:14:05",62045,12700,654895.45,3279274.44,-91.3999451,29.6337666,1.015,-24.368,0.074
"WLO","2015-05-09","17:14:05",62045,12750,654879.93,3279226.91,-91.4001121,29.6333397,1.014,-24.368,0.074
"WLO","2015-05-09","17:14:05",62045,12800,654864.41,3279179.38,-91.4002792,29.6329128,1.013,-24.368,0.074
"WLO","2015-05-09","17:14:05",62045,12850,654848.89,3279131.85,-91.4004462,29.632486,1.013,-24.368,0.074
"WLO","2015-05-09","17:14:05",62045,12900,654833.38,3279084.31,-91.4006131,29.632059,1.012,-24.368,0.074
"WLO","2015-05-09","17:14:05",62045,12950,654817.86,3279036.78,-91.4007802,29.6316322,1.011,-24.368,0.074
"WLO","2015-05-09","17:14:05",62045,13000,654802.34,3278989.25,-91.4009472,29.6312053,1.009,-24.368,0.074
"WLO","2015-05-09","17:14:05",62045,13050,654786.82,3278941.72,-91.4011143,29.6307784,1.008,-24.369,0.074
"WLO","2015-05-09","17:14:05",62045,13100,654771.31,3278894.19,-91.4012812,29.6303516,1.007,-24.368,0.074
"WLO","2015-05-09","17:14:05",62045,13150,654755.79,3278846.66,-91.4014482,29.6299247,1.006,-24.369,0.074
"WLO","2015-05-09","17:14:05",62045,13200,654740.27,3278799.13,-91.4016153,29.6294978,1.005,-24.369,0.074
"WLO","2015-05-09","17:14:05",62045,13250,654724.75,3278751.6,-91.4017823,29.629071,1.005,-24.368,0.074
"WLO","2015-05-09","17:14:05",62045,13300,654709.24,3278704.06,-91.4019492,29.628644,1.004,-24.368,0.074
"WLO","2015-05-09","17:14:05",62045,13350,654693.72,3278656.53,-91.4021162,29.6282171,1.004,-24.367,0.074
"WLO","2015-05-09","17:14:05",62045,13400,654678.2,3278609,-91.4022833,29.6277903,1.004,-24.366,0.074
"WLO","2015-05-09","17:14:05",62045,13450,654662.69,3278561.47,-91.4024502,29.6273634,1.004,-24.365,0.074
"WLO","2015-05-09","17:14:05",62045,13500,654647.17,3278513.94,-91.4026172,29.6269365,1.004,-24.364,0.074
"WLO","2015-05-09","17:14:05",62045,13550,654631.65,3278466.41,-91.4027842,29.6265097,1.004,-24.363,0.074
"WLO","2015-05-09","17:14:05",62045,13600,654616.13,3278418.88,-91.4029513,29.6260828,1.004,-24.363,0.074
"WLO","2015-05-09","17:14:05",62045,13650,654600.62,3278371.35,-91.4031182,29.6256559,1.003,-24.362,0.074
"WLO","2015-05-09","17:14:05",62045,13700,654585.1,3278323.82,-91.4032852,29.6252291,1.003,-24.362,0.074
"WLO","2015-05-09","17:14:05",62045,13750,654569.58,3278276.28,-91.4034522,29.6248021,1.003,-24.361,0.074
"WLO","2015-05-09","17:14:05",62045,13800,654554.06,3278228.75,-91.4036192,29.6243752,1.002,-24.361,0.074
"WLO","2015-05-09","17:14:05",62045,13850,654538.55,3278181.22,-91.4037861,29.6239484,1.002,-24.36,0.074
"WLO","2015-05-09","17:14:05",62045,13900,654523.03,3278133.69,-91.4039532,29.6235215,1.001,-24.36,0.074
"WLO","2015-05-09","17:14:05",62045,13950,654507.51,3278086.16,-91.4041202,29.6230946,1.001,-24.36,0.074
"WLO","2015-05-09","17:14:05",62045,14000,654491.99,3278038.63,-91.4042872,29.6226678,1,-24.359,0.074
"WLO","2015-05-09","17:14:05",62045,14050,654476.48,3277991.1,-91.4044541,29.6222409,1,-24.359,0.074
"WLO","2015-05-09","17:14:05",62045,14100,654460.96,3277943.57,-91.4046211,29.621814,1,-24.358,0.074
"WLO","2015-05-09","17:14:05",62045,14150,654445.44,3277896.03,-91.4047881,29.6213871,0.999,-24.358,0.074
"WLO","2015-05-09","17:14:05",62045,14200,654429.93,3277848.5,-91.404955,29.6209602,0.999,-24.357,0.074
"WLO","2015-05-09","17:14:05",62045,14250,654414.41,3277800.97,-91.405122,29.6205333,0.999,-24.357,0.074
"WLO","2015-05-09","17:14:05",62045,14300,654398.89,3277753.44,-91.405289,29.6201065,0.998,-24.356,0.074
"WLO","2015-05-09","17:14:05",62045,14350,654383.37,3277705.91,-91.405456,29.6196796,0.998,-24.356,0.074
"WLO","2015-05-09","17:14:05",62045,14400,654367.86,3277658.38,-91.4056229,29.6192527,0.997,-24.356,0.074
"WLO","2015-05-09","17:14:05",62045,14450,654352.34,3277610.85,-91.4057899,29.6188258,0.996,-24.355,0.074
"WLO","2015-05-09","17:14:05",62045,14500,654336.4,3277563.46,-91.4059612,29.6184003,0.996,-24.355,0.074
"WLO","2015-05-09","17:14:05",62045,14550,654320.44,3277516.07,-91.4061327,29.6179747,0.995,-24.355,0.074
"WLO","2015-05-09","17:14:05",62045,14600,654304.48,3277468.69,-91.4063042,29.6175493,0.994,-24.355,0.074
"WLO","2015-05-09","17:14:05",62045,14650,654288.51,3277421.31,-91.4064758,29.6171238,0.994,-24.354,0.074
"WLO","2015-05-09","17:14:05",62045,14700,654272.55,3277373.92,-91.4066474,29.6166982,0.993,-24.354,0.074
"WLO","2015-05-09","17:14:05",62045,14750,654256.59,3277326.54,-91.4068189,29.6162728,0.993,-24.354,0.074
"WLO","2015-05-09","17:14:05",62045,14800,654240.62,3277279.16,-91.4069905,29.6158473,0.992,-24.354,0.074
"WLO","2015-05-09","17:14:05",62045,14850,654224.66,3277231.77,-91.407162,29.6154218,0.991,-24.354,0.074
"WLO","2015-05-09","17:14:05",62045,14900,654208.7,3277184.39,-91.4073335,29.6149963,0.989,-24.354,0.074
"WLO","2015-05-09","17:14:05",62045,14950,654192.73,3277137.01,-91.4075051,29.6145708,0.988,-24.355,0.074
"WLO","2015-05-09","17:14:05",62045,15000,654176.77,3277089.62,-91.4076766,29.6141453,0.987,-24.355,0.074
"WLO","2015-05-09","17:14:05",62045,15050,654160.81,3277042.24,-91.4078481,29.6137198,0.985,-24.356,0.074
"WLO","2015-05-09","17:14:05",62045,15100,654144.84,3276994.86,-91.4080197,29.6132943,0.984,-24.356,0.074
"WLO","2015-05-09","17:14:05",62045,15150,654128.88,3276947.47,-91.4081912,29.6128688,0.982,-24.357,0.074
"WLO","2015-05-09","17:14:05",62045,15200,654112.92,3276900.09,-91.4083627,29.6124433,0.98,-24.358,0.074
"WLO","2015-05-09","17:14:05",62045,15250,654096.95,3276852.71,-91.4085343,29.6120178,0.978,-24.359,0.074
"WLO","2015-05-09","17:14:05",62045,15300,654080.99,3276805.32,-91.4087058,29.6115923,0.976,-24.36,0.074
"WLO","2015-05-09","17:14:05",62045,15350,654065.03,3276757.94,-91.4088773,29.6111668,0.974,-24.362,0.074
"WLO","2015-05-09","17:14:05",62045,15400,654049.06,3276710.56,-91.4090489,29.6107413,0.972,-24.363,0.074
"WLO","2015-05-09","17:14:05",62045,15450,654033.1,3276663.17,-91.4092203,29.6103158,0.97,-24.364,0.074
"WLO","2015-05-09","17:14:05",62045,15500,654017.14,3276615.79,-91.4093918,29.6098903,0.967,-24.365,0.074
"WLO","2015-05-09","17:14:05",62045,15550,654001.18,3276568.41,-91.4095633,29.6094648,0.965,-24.367,0.074
"WLO","2015-05-09","17:14:05",62045,15600,653985.21,3276521.02,-91.4097349,29.6090393,0.962,-24.368,0.074
"WLO","2015-05-09","17:14:05",62045,15650,653969.25,3276473.64,-91.4099064,29.6086138,0.96,-24.37,0.074
"WLO","2015-05-09","17:14:05",62045,15700,653953.29,3276426.26,-91.4100779,29.6081883,0.958,-24.371,0.074
"WLO","2015-05-09","17:14:05",62045,15750,653937.32,3276378.87,-91.4102494,29.6077628,0.955,-24.373,0.074
"WLO","2015-05-09","17:14:05",62045,15800,653921.36,3276331.49,-91.4104209,29.6073373,0.953,-24.374,0.074
"WLO","2015-05-09","17:14:05",62045,15850,653905.4,3276284.11,-91.4105924,29.6069118,0.951,-24.376,0.074
"WLO","2015-05-09","17:14:05",62045,15900,653889.43,3276236.72,-91.410764,29.6064863,0.948,-24.377,0.074
"WLO","2015-05-09","17:14:05",62045,15950,653873.47,3276189.34,-91.4109354,29.6060608,0.946,-24.378,0.074
"WLO","2015-05-09","17:14:05",62045,16000,653857.51,3276141.96,-91.4111069,29.6056353,0.944,-24.379,0.074
"WLO","2015-05-09","17:14:05",62045,16050,653841.54,3276094.57,-91.4112785,29.6052098,0.942,-24.381,0.074
"WLO","2015-05-09","17:14:05",62045,16100,653825.58,3276047.19,-91.41145,29.6047843,0.94,-24.382,0.074
"WLO","2015-05-09","17:14:05",62045,16150,653809.62,3275999.81,-91.4116214,29.6043588,0.938,-24.383,0.074
"WLO","2015-05-09","17:14:05",62045,16200,653793.65,3275952.42,-91.411793,29.6039333,0.936,-24.384,0.074
"WLO","2015-05-09","17:14:05",62045,16250,653777.69,3275905.04,-91.4119645,29.6035078,0.933,-24.386,0.074
"WLO","2015-05-09","17:14:05",62045,16300,653761.73,3275857.66,-91.4121359,29.6030823,0.931,-24.387,0.074
"WLO","2015-05-09","17:14:05",62045,16350,653745.76,3275810.27,-91.4123075,29.6026567,0.928,-24.389,0.074
"WLO","2015-05-09","17:14:05",62045,16400,653729.8,3275762.89,-91.4124789,29.6022313,0.926,-24.391,0.074
"WLO","2015-05-09","17:14:05",62045,16450,653713.84,3275715.51,-91.4126504,29.6018058,0.923,-24.393,0.074
"WLO","2015-05-09","17:14:05",62045,16500,653697.87,3275668.12,-91.412822,29.6013802,0.92,-24.395,0.074
"WLO","2015-05-09","17:14:05",62045,16550,653681.91,3275620.74,-91.4129934,29.6009547,0.918,-24.396,0.074
"WLO","2015-05-09","17:14:05",62045,16600,653665.95,3275573.36,-91.4131649,29.6005293,0.915,-24.398,0.074
"WLO","2015-05-09","17:14:05",62045,16650,653649.99,3275525.97,-91.4133363,29.6001037,0.912,-24.4,0.074
"WLO","2015-05-09","17:14:05",62045,16700,653634.02,3275478.59,-91.4135079,29.5996782,0.909,-24.402,0.074
"WLO","2015-05-09","17:14:05",62045,16750,653618.06,3275431.21,-91.4136793,29.5992527,0.906,-24.404,0.074
"WLO","2015-05-09","17:14:05",62045,16800,653602.1,3275383.82,-91.4138508,29.5988272,0.904,-24.406,0.074
"WLO","2015-05-09","17:14:05",62045,16850,653586.13,3275336.44,-91.4140223,29.5984017,0.901,-24.408,0.074
"WLO","2015-05-09","17:14:05",62045,16900,653570.17,3275289.06,-91.4141938,29.5979762,0.899,-24.41,0.074
"WLO","2015-05-09","17:14:05",62045,16950,653554.21,3275241.67,-91.4143652,29.5975507,0.896,-24.411,0.074
"WLO","2015-05-09","17:14:05",62045,17000,653538.24,3275194.29,-91.4145367,29.5971252,0.894,-24.412,0.074
"WLO","2015-05-09","17:14:05",62045,17050,653522.28,3275146.91,-91.4147082,29.5966997,0.892,-24.414,0.074
"WLO","2015-05-09","17:14:05",62045,17100,653506.32,3275099.52,-91.4148796,29.5962741,0.89,-24.415,0.074
"WLO","2015-05-09","17:14:05",62045,17150,653490.35,3275052.14,-91.4150512,29.5958486,0.888,-24.416,0.074
"WLO","2015-05-09","17:14:05",62045,17200,653474.39,3275004.76,-91.4152226,29.5954232,0.886,-24.417,0.074
"WLO","2015-05-09","17:14:05",62045,17250,653458.43,3274957.37,-91.415394,29.5949976,0.884,-24.418,0.074
"WLO","2015-05-09","17:14:05",62045,17300,653442.46,3274909.99,-91.4155656,29.5945721,0.883,-24.419,0.074
"WLO","2015-05-09","17:14:05",62045,17350,653426.5,3274862.61,-91.415737,29.5941466,0.881,-24.42,0.074
"WLO","2015-05-09","17:14:05",62045,17400,653410.54,3274815.22,-91.4159084,29.5937211,0.88,-24.42,0.074
"WLO","2015-05-09","17:14:05",62045,17450,653394.57,3274767.84,-91.41608,29.5932956,0.878,-24.421,0.074
"WLO","2015-05-09","17:14:05",62045,17500,653378.61,3274720.46,-91.4162514,29.5928701,0.877,-24.421,0.074
"WLO","2015-05-09","17:14:05",62045,17550,653362.65,3274673.07,-91.4164228,29.5924445,0.876,-24.422,0.074
"WLO","2015-05-09","17:14:05",62045,17600,653346.68,3274625.69,-91.4165943,29.592019,0.875,-24.422,0.074
"WLO","2015-05-09","17:14:05",62045,17650,653330.72,3274578.31,-91.4167658,29.5915936,0.873,-24.423,0.074
"WLO","2015-05-09","17:14:05",62045,17700,653314.76,3274530.92,-91.4169372,29.591168,0.872,-24.423,0.074
"WLO","2015-05-09","17:14:05",62045,17750,653298.79,3274483.54,-91.4171087,29.5907425,0.871,-24.424,0.074
"WLO","2015-05-09","17:14:05",62045,17800,653282.83,3274436.16,-91.4172801,29.590317,0.869,-24.424,0.074
"WLO","2015-05-09","17:14:05",62045,17850,653266.87,3274388.77,-91.4174515,29.5898914,0.868,-24.425,0.074
"WLO","2015-05-09","17:14:05",62045,17900,653250.91,3274341.39,-91.4176229,29.589466,0.866,-24.426,0.074
"WLO","2015-05-09","17:14:05",62045,17950,653234.94,3274294.01,-91.4177945,29.5890405,0.865,-24.426,0.074
"WLO","2015-05-09","17:14:05",62045,18000,653218.98,3274246.63,-91.4179659,29.588615,0.863,-24.427,0.074
"WLO","2015-05-09","17:14:05",62045,18050,653203.02,3274199.24,-91.4181373,29.5881894,0.861,-24.428,0.074
"WLO","2015-05-09","17:14:05",62045,18100,653187.05,3274151.86,-91.4183088,29.5877639,0.86,-24.429,0.074
"WLO","2015-05-09","17:14:05",62045,18150,653171.09,3274104.48,-91.4184802,29.5873384,0.858,-24.43,0.074
"WLO","2015-05-09","17:14:05",62045,18200,653155.13,3274057.09,-91.4186516,29.5869129,0.856,-24.431,0.074
"WLO","2015-05-09","17:14:05",62045,18250,653139.16,3274009.71,-91.4188231,29.5864874,0.854,-24.432,0.074
"WLO","2015-05-09","17:14:05",62045,18300,653123.2,3273962.33,-91.4189945,29.5860619,0.852,-24.433,0.074
"WLO","2015-05-09","17:14:05",62045,18350,653109.64,3273914.3,-91.4191412,29.5856303,0.851,-24.434,0.074
"WLO","2015-05-09","17:14:05",62045,18400,653099.93,3273865.25,-91.4192483,29.5851889,0.849,-24.434,0.074
"WLO","2015-05-09","17:14:05",62045,18450,653090.22,3273816.21,-91.4193555,29.5847477,0.847,-24.435,0.074
"WLO","2015-05-09","17:14:05",62045,18500,653080.51,3273767.16,-91.4194626,29.5843064,0.846,-24.436,0.074
"WLO","2015-05-09","17:14:05",62045,18550,653070.8,3273718.11,-91.4195697,29.5838651,0.844,-24.436,0.074
"WLO","2015-05-09","17:14:05",62045,18600,653061.08,3273669.06,-91.4196769,29.5834237,0.843,-24.437,0.074
"WLO","2015-05-09","17:14:05",62045,18650,653051.37,3273620.01,-91.419784,29.5829824,0.841,-24.437,0.074
"WLO","2015-05-09","17:14:05",62045,18700,653041.66,3273570.97,-91.4198912,29.5825412,0.84,-24.438,0.074
"WLO","2015-05-09","17:14:05",62045,18750,653031.95,3273521.92,-91.4199983,29.5820999,0.838,-24.439,0.074
"WLO","2015-05-09","17:14:05",62045,18800,653022.24,3273472.87,-91.4201054,29.5816585,0.837,-24.439,0.074
"WLO","2015-05-09","17:14:05",62045,18850,653012.53,3273423.82,-91.4202125,29.5812172,0.836,-24.44,0.074
"WLO","2015-05-09","17:14:05",62045,18900,653002.82,3273374.78,-91.4203196,29.580776,0.834,-24.44,0.074
"WLO","2015-05-09","17:14:05",62045,18950,652993.1,3273325.73,-91.4204268,29.5803346,0.833,-24.44,0.074
"WLO","2015-05-09","17:14:05",62045,19000,652983.39,3273276.68,-91.4205339,29.5798933,0.832,-24.441,0.074
"WLO","2015-05-09","17:14:05",62045,19050,652973.68,3273227.63,-91.420641,29.579452,0.831,-24.441,0.074
"WLO","2015-05-09","17:14:05",62045,19100,652963.97,3273178.58,-91.4207481,29.5790107,0.83,-24.441,0.074
"WLO","2015-05-09","17:14:05",62045,19150,652954.26,3273129.54,-91.4208552,29.5785694,0.828,-24.441,0.074
"WLO","2015-05-09","17:14:05",62045,19200,652944.55,3273080.49,-91.4209624,29.5781281,0.827,-24.442,0.074
"WLO","2015-05-09","17:14:05",62045,19250,652934.84,3273031.44,-91.4210695,29.5776868,0.826,-24.442,0.074
"WLO","2015-05-09","17:14:05",62045,19300,652925.12,3272982.39,-91.4211767,29.5772455,0.826,-24.442,0.074
"WLO","2015-05-09","17:14:05",62045,19350,652915.41,3272933.35,-91.4212838,29.5768042,0.825,-24.442,0.074
"WLO","2015-05-09","17:14:05",62045,19400,652905.7,3272884.3,-91.4213909,29.5763629,0.824,-24.441,0.074
"WLO","2015-05-09","17:14:05",62045,19450,652895.99,3272835.25,-91.421498,29.5759216,0.823,-24.441,0.074
"WLO","2015-05-09","17:14:05",62045,19500,652886.28,3272786.2,-91.4216051,29.5754803,0.822,-24.441,0.074
"WLO","2015-05-09","17:14:05",62045,19550,652876.57,3272737.15,-91.4217122,29.5750389,0.822,-24.441,0.074
"WLO","2015-05-09","17:14:05",62045,19600,652866.86,3272688.11,-91.4218193,29.5745977,0.821,-24.441,0.074
"WLO","2015-05-09","17:14:05",62045,19650,652857.15,3272639.06,-91.4219264,29.5741564,0.82,-24.44,0.074
"WLO","2015-05-09","17:14:05",62045,19700,652847.43,3272590.01,-91.4220336,29.573715,0.82,-24.44,0.074
"WLO","2015-05-09","17:14:05",62045,19750,652837.72,3272540.96,-91.4221407,29.5732737,0.819,-24.44,0.074
"WLO","2015-05-09","17:14:05",62045,19800,652828.01,3272491.91,-91.4222477,29.5728324,0.819,-24.44,0.074
"WLO","2015-05-09","17:14:05",62045,19850,652818.3,3272442.87,-91.4223548,29.5723912,0.818,-24.439,0.074
"WLO","2015-05-09","17:14:05",62045,19900,652808.59,3272393.82,-91.4224619,29.5719498,0.817,-24.439,0.074
"WLO","2015-05-09","17:14:05",62045,19950,652798.88,3272344.77,-91.422569,29.5715085,0.817,-24.439,0.074
"WLO","2015-05-09","17:14:05",62045,20000,652789.17,3272295.72,-91.4226761,29.5710672,0.816,-24.438,0.074
"WLO","2015-05-09","17:14:05",62045,20050,652779.45,3272246.68,-91.4227833,29.5706259,0.815,-24.438,0.074
"WLO","2015-05-09","17:14:05",62045,20100,652769.74,3272197.63,-91.4228904,29.5701846,0.814,-24.438,0.074
"WLO","2015-05-09","17:14:05",62045,20150,652760.03,3272148.58,-91.4229975,29.5697433,0.814,-24.438,0.074
"WLO","2015-05-09","17:14:05",62045,20200,652750.32,3272099.53,-91.4231046,29.569302,0.813,-24.437,0.074
"WLO","2015-05-09","17:14:05",62045,20250,652740.61,3272050.48,-91.4232116,29.5688606,0.812,-24.437,0.074
"WLO","2015-05-09","17:14:05",62045,20300,652730.9,3272001.44,-91.4233187,29.5684194,0.812,-24.437,0.074
"WLO","2015-05-09","17:14:05",62045,20350,652721.19,3271952.39,-91.4234258,29.5679781,0.811,-24.437,0.074
"WLO","2015-05-09","17:14:05",62045,20400,652711.47,3271903.34,-91.423533,29.5675367,0.81,-24.436,0.074
"WLO","2015-05-09","17:14:05",62045,20450,652701.76,3271854.29,-91.4236401,29.5670954,0.81,-24.436,0.074
"WLO","2015-05-09","17:14:05",62045,20500,652692.05,3271805.25,-91.4237472,29.5666542,0.809,-24.436,0.074
"WLO","2015-05-09","17:14:05",62045,20550,652682.34,3271756.2,-91.4238542,29.5662128,0.808,-24.436,0.074
"WLO","2015-05-09","17:14:05",62045,20600,652672.63,3271707.15,-91.4239613,29.5657715,0.807,-24.436,0.074
"WLO","2015-05-09","17:14:05",62045,20650,652662.92,3271658.1,-91.4240684,29.5653302,0.805,-24.437,0.074
"WLO","2015-05-09","17:14:05",62045,20700,652655.32,3271608.7,-91.4241537,29.5648854,0.804,-24.437,0.074
"WLO","2015-05-09","17:14:05",62045,20750,652648.61,3271559.15,-91.4242299,29.5644392,0.804,-24.437,0.074
"WLO","2015-05-09","17:14:05",62045,20800,652641.9,3271509.61,-91.4243061,29.5639931,0.803,-24.437,0.074
"WLO","2015-05-09","17:14:05",62045,20850,652635.19,3271460.06,-91.4243823,29.5635469,0.802,-24.437,0.074
"WLO","2015-05-09","17:14:05",62045,20900,652628.48,3271410.51,-91.4244585,29.5631007,0.801,-24.437,0.074
"WLO","2015-05-09","17:14:05",62045,20950,652621.77,3271360.96,-91.4245347,29.5626545,0.8,-24.437,0.074
"WLO","2015-05-09","17:14:05",62045,21000,652615.06,3271311.42,-91.4246108,29.5622084,0.799,-24.436,0.074
"WLO","2015-05-09","17:14:05",62045,21050,652608.35,3271261.87,-91.424687,29.5617622,0.798,-24.436,0.074
"WLO","2015-05-09","17:14:05",62045,21100,652601.64,3271212.32,-91.4247632,29.561316,0.797,-24.436,0.074
"WLO","2015-05-09","17:14:05",62045,21150,652594.93,3271162.77,-91.4248394,29.5608697,0.797,-24.436,0.074
"WLO","2015-05-09","17:14:05",62045,21200,652588.22,3271113.22,-91.4249156,29.5604235,0.796,-24.436,0.074
"WLO","2015-05-09","17:14:05",62045,21250,652581.51,3271063.68,-91.4249917,29.5599774,0.795,-24.436,0.074
"WLO","2015-05-09","17:14:05",62045,21300,652574.8,3271014.13,-91.4250679,29.5595312,0.794,-24.436,0.074
"WLO","2015-05-09","17:14:05",62045,21350,652568.09,3270964.58,-91.4251441,29.559085,0.793,-24.436,0.074
"WLO","2015-05-09","17:14:05",62045,21400,652561.38,3270915.03,-91.4252203,29.5586388,0.792,-24.436,0.074
"WLO","2015-05-09","17:14:05",62045,21450,652554.67,3270865.49,-91.4252964,29.5581927,0.792,-24.435,0.074
"WLO","2015-05-09","17:14:05",62045,21500,652547.96,3270815.94,-91.4253726,29.5577465,0.791,-24.435,0.074
"WLO","2015-05-09","17:14:05",62045,21550,652541.25,3270766.39,-91.4254488,29.5573003,0.79,-24.435,0.074
"WLO","2015-05-09","17:14:05",62045,21600,652534.54,3270716.84,-91.425525,29.556854,0.79,-24.434,0.074
"WLO","2015-05-09","17:14:05",62045,21650,652527.83,3270667.3,-91.4256011,29.5564079,0.789,-24.434,0.074
"WLO","2015-05-09","17:14:05",62045,21700,652521.12,3270617.75,-91.4256773,29.5559617,0.789,-24.433,0.074
"WLO","2015-05-09","17:14:05",62045,21750,652514.41,3270568.2,-91.4257535,29.5555155,0.789,-24.433,0.074
"WLO","2015-05-09","17:14:05",62045,21800,652507.7,3270518.65,-91.4258296,29.5550693,0.788,-24.433,0.074
"WLO","2015-05-09","17:14:05",62045,21850,652500.99,3270469.11,-91.4259058,29.5546232,0.788,-24.432,0.074
"WLO","2015-05-09","17:14:05",62045,21900,652494.28,3270419.56,-91.425982,29.554177,0.787,-24.432,0.074
"WLO","2015-05-09","17:14:05",62045,21950,652487.57,3270370.01,-91.4260581,29.5537308,0.786,-24.431,0.074
"WLO","2015-05-09","17:14:05",62045,22000,652480.86,3270320.46,-91.4261343,29.5532846,0.786,-24.431,0.074
"WLO","2015-05-09","17:14:05",62045,22050,652473.22,3270271.11,-91.42622,29.5528403,0.786,-24.43,0.074
"WLO","2015-05-09","17:14:05",62045,22100,652459.8,3270222.94,-91.4263652,29.5524073,0.785,-24.43,0.074
"WLO","2015-05-09","17:14:05",62045,22150,652446.39,3270174.77,-91.4265103,29.5519744,0.785,-24.429,0.074
"WLO","2015-05-09","17:14:05",62045,22200,652432.97,3270126.61,-91.4266556,29.5515415,0.785,-24.429,0.074
"WLO","2015-05-09","17:14:05",62045,22250,652419.56,3270078.44,-91.4268007,29.5511086,0.784,-24.428,0.074
"WLO","2015-05-09","17:14:05",62045,22300,652406.14,3270030.27,-91.4269459,29.5506756,0.783,-24.428,0.074
"WLO","2015-05-09","17:14:05",62045,22350,652392.73,3269982.11,-91.427091,29.5502428,0.783,-24.428,0.074
"WLO","2015-05-09","17:14:05",62045,22400,652379.31,3269933.94,-91.4272362,29.5498099,0.782,-24.428,0.074
"WLO","2015-05-09","17:14:05",62045,22450,652365.9,3269885.77,-91.4273812,29.5493769,0.781,-24.427,0.074
"WLO","2015-05-09","17:14:05",62045,22500,652352.48,3269837.61,-91.4275264,29.5489441,0.781,-24.427,0.074
"WLO","2015-05-09","17:14:05",62045,22550,652339.07,3269789.44,-91.4276715,29.5485111,0.78,-24.426,0.074
"WLO","2015-05-09","17:14:05",62045,22600,652325.65,3269741.27,-91.4278167,29.5480782,0.78,-24.426,0.074
"WLO","2015-05-09","17:14:05",62045,22650,652312.23,3269693.11,-91.4279619,29.5476453,0.779,-24.426,0.074
"WLO","2015-05-09","17:14:05",62045,22700,652298.82,3269644.94,-91.428107,29.5472124,0.778,-24.426,0.074
"WLO","2015-05-09","17:14:05",62045,22750,652285.4,3269596.77,-91.4282522,29.5467794,0.778,-24.426,0.074
"WLO","2015-05-09","17:14:05",62045,22800,652271.99,3269548.61,-91.4283973,29.5463466,0.777,-24.426,0.074
"WLO","2015-05-09","17:14:05",62045,22850,652258.57,3269500.44,-91.4285425,29.5459136,0.776,-24.425,0.074
"WLO","2015-05-09","17:14:05",62045,22900,652245.16,3269452.27,-91.4286876,29.5454807,0.775,-24.425,0.074
"WLO","2015-05-09","17:14:05",62045,22950,652231.74,3269404.11,-91.4288327,29.5450478,0.774,-24.425,0.074
"WLO","2015-05-09","17:14:05",62045,23000,652218.33,3269355.94,-91.4289778,29.5446149,0.774,-24.425,0.074
"WLO","2015-05-09","17:14:05",62045,23050,652204.91,3269307.77,-91.429123,29.544182,0.773,-24.425,0.074
"WLO","2015-05-09","17:14:05",62045,23100,652191.5,3269259.61,-91.4292681,29.5437491,0.772,-24.425,0.074
"WLO","2015-05-09","17:14:05",62045,23150,652178.08,3269211.44,-91.4294133,29.5433162,0.771,-24.426,0.074
"WLO","2015-05-09","17:14:05",62045,23200,652164.67,3269163.27,-91.4295583,29.5428832,0.77,-24.426,0.074
"WLO","2015-05-09","17:14:05",62045,23250,652151.25,3269115.11,-91.4297035,29.5424504,0.769,-24.426,0.074
"WLO","2015-05-09","17:14:05",62045,23300,652137.83,3269066.94,-91.4298487,29.5420174,0.768,-24.426,0.074
"WLO","2015-05-09","17:14:05",62045,23350,652124.42,3269018.77,-91.4299938,29.5415845,0.767,-24.426,0.074
"WLO","2015-05-09","17:14:05",62045,23400,652111,3268970.61,-91.4301389,29.5411516,0.766,-24.426,0.074
"WLO","2015-05-09","17:14:05",62045,23450,652097.59,3268922.44,-91.430284,29.5407187,0.765,-24.426,0.074
"WLO","2015-05-09","17:14:05",62045,23500,652084.17,3268874.27,-91.4304292,29.5402857,0.763,-24.427,0.074
"WLO","2015-05-09","17:14:05",62045,23550,652070.76,3268826.11,-91.4305743,29.5398529,0.762,-24.428,0.074
"WLO","2015-05-09","17:14:05",62045,23600,652057.34,3268777.94,-91.4307194,29.5394199,0.76,-24.428,0.074
"WLO","2015-05-09","17:14:05",62045,23650,652043.93,3268729.77,-91.4308645,29.538987,0.758,-24.429,0.074
"WLO","2015-05-09","17:14:05",62045,23700,652030.51,3268681.61,-91.4310096,29.5385541,0.756,-24.43,0.074
"WLO","2015-05-09","17:14:05",62045,23750,652017.1,3268633.44,-91.4311547,29.5381212,0.755,-24.431,0.074
"WLO","2015-05-09","17:14:05",62045,23800,652003.68,3268585.27,-91.4312999,29.5376882,0.753,-24.432,0.074
"WLO","2015-05-09","17:14:05",62045,23850,651990.27,3268537.11,-91.4314449,29.5372553,0.751,-24.433,0.074
"WLO","2015-05-09","17:14:05",62045,23900,651976.85,3268488.94,-91.4315901,29.5368224,0.75,-24.433,0.074
"WLO","2015-05-09","17:14:05",62045,23950,651963.43,3268440.77,-91.4317353,29.5363895,0.748,-24.434,0.074
"WLO","2015-05-09","17:14:05",62045,24000,651950.02,3268392.61,-91.4318803,29.5359566,0.746,-24.435,0.074
"WLO","2015-05-09","17:14:05",62045,24050,651936.6,3268344.44,-91.4320255,29.5355236,0.745,-24.435,0.074
"WLO","2015-05-09","17:14:05",62045,24100,651923.19,3268296.27,-91.4321705,29.5350907,0.744,-24.436,0.074
"WLO","2015-05-09","17:14:05",62045,24150,651909.77,3268248.11,-91.4323157,29.5346578,0.742,-24.436,0.074
"WLO","2015-05-09","17:14:05",62045,24200,651896.36,3268199.94,-91.4324607,29.5342249,0.741,-24.437,0.074
"WLO","2015-05-09","17:14:05",62045,24250,651882.94,3268151.77,-91.4326059,29.5337919,0.739,-24.437,0.074
"WLO","2015-05-09","17:14:05",62045,24300,651869.53,3268103.61,-91.4327509,29.5333591,0.738,-24.438,0.074
"WLO","2015-05-09","17:14:05",62045,24350,651856.11,3268055.44,-91.4328961,29.5329261,0.737,-24.438,0.074
"WLO","2015-05-09","17:14:05",62045,24400,651842.7,3268007.27,-91.4330411,29.5324932,0.736,-24.438,0.074
"WLO","2015-05-09","17:14:05",62045,24450,651829.28,3267959.11,-91.4331863,29.5320603,0.735,-24.439,0.074
"WLO","2015-05-09","17:14:05",62045,24500,651815.87,3267910.94,-91.4333313,29.5316274,0.733,-24.439,0.074
"WLO","2015-05-09","17:14:05",62045,24550,651802.45,3267862.77,-91.4334764,29.5311944,0.733,-24.439,0.074
"WLO","2015-05-09","17:14:05",62045,24600,651789.03,3267814.61,-91.4336216,29.5307615,0.732,-24.439,0.074
"WLO","2015-05-09","17:14:05",62045,24650,651775.62,3267766.44,-91.4337666,29.5303286,0.731,-24.439,0.074
"WLO","2015-05-09","17:14:05",62045,24700,651762.2,3267718.27,-91.4339118,29.5298956,0.73,-24.439,0.074
"WLO","2015-05-09","17:14:05",62045,24750,651748.79,3267670.11,-91.4340568,29.5294628,0.729,-24.438,0.074
"WLO","2015-05-09","17:14:05",62045,24800,651735.37,3267621.94,-91.4342019,29.5290298,0.728,-24.438,0.074
"WLO","2015-05-09","17:14:05",62045,24850,651721.96,3267573.77,-91.434347,29.5285969,0.728,-24.438,0.074
"WLO","2015-05-09","17:14:05",62045,24900,651708.54,3267525.61,-91.4344921,29.528164,0.727,-24.438,0.074
"WLO","2015-05-09","17:14:05",62045,24950,651695.13,3267477.44,-91.4346371,29.5277311,0.726,-24.438,0.074
"WLO","2015-05-09","17:14:05",62045,25000,651681.71,3267429.27,-91.4347823,29.5272981,0.725,-24.438,0.074
"WLO","2015-05-09","17:14:05",62045,25050,651668.3,3267381.11,-91.4349273,29.5268652,0.724,-24.438,0.074
"WLO","2015-05-09","17:14:05",62045,25100,651654.88,3267332.94,-91.4350724,29.5264323,0.723,-24.439,0.073
"WLO","2015-05-09","17:14:05",62045,25150,651641.47,3267284.77,-91.4352174,29.5259993,0.722,-24.439,0.073
"WLO","2015-05-09","17:14:05",62045,25200,651628.05,3267236.61,-91.4353626,29.5255665,0.721,-24.438,0.073
"WLO","2015-05-09","17:14:05",62045,25250,651614.63,3267188.44,-91.4355077,29.5251335,0.72,-24.438,0.073
"WLO","2015-05-09","17:14:05",62045,25300,651601.22,3267140.27,-91.4356527,29.5247006,0.72,-24.438,0.073
"WLO","2015-05-09","17:14:05",62045,25350,651587.8,3267092.11,-91.4357978,29.5242677,0.719,-24.438,0.073
"WLO","2015-05-09","17:14:05",62045,25400,651574.39,3267043.94,-91.4359428,29.5238347,0.718,-24.438,0.073
"WLO","2015-05-09","17:14:05",62045,25450,651560.97,3266995.77,-91.436088,29.5234018,0.717,-24.438,0.073
"WLO","2015-05-09","17:14:05",62045,25500,651547.56,3266947.61,-91.436233,29.5229689,0.717,-24.438,0.073
"WLO","2015-05-09","17:14:05",62045,25550,651534.14,3266899.44,-91.4363781,29.522536,0.716,-24.438,0.073
"WLO","2015-05-09","17:14:05",62045,25600,651520.73,3266851.27,-91.4365231,29.522103,0.716,-24.437,0.073
"WLO","2015-05-09","17:14:05",62045,25650,651507.31,3266803.11,-91.4366682,29.5216701,0.716,-24.437,0.073
"WLO","2015-05-09","17:14:05",62045,25700,651493.9,3266754.94,-91.4368132,29.5212372,0.716,-24.436,0.073
"WLO","2015-05-09","17:14:05",62045,25750,651480.48,3266706.77,-91.4369583,29.5208042,0.716,-24.435,0.073
"WLO","2015-05-09","17:14:05",62045,25800,651467.07,3266658.61,-91.4371034,29.5203714,0.716,-24.434,0.073
"WLO","2015-05-09","17:14:05",62045,25850,651453.65,3266610.44,-91.4372485,29.5199384,0.716,-24.433,0.073
"WLO","2015-05-09","17:14:05",62045,25900,651440.23,3266562.27,-91.4373936,29.5195054,0.716,-24.433,0.073
"WLO","2015-05-09","17:14:05",62045,25950,651426.82,3266514.11,-91.4375386,29.5190726,0.716,-24.432,0.073
"WLO","2015-05-09","17:14:05",62045,26000,651413.4,3266465.94,-91.4376837,29.5186396,0.716,-24.431,0.073
"WLO","2015-05-09","17:14:05",62045,26050,651399.99,3266417.77,-91.4378287,29.5182067,0.716,-24.43,0.073
"WLO","2015-05-09","17:14:05",62045,26100,651386.57,3266369.61,-91.4379738,29.5177738,0.716,-24.429,0.073
"WLO","2015-05-09","17:14:05",62045,26150,651373.16,3266321.44,-91.4381188,29.5173408,0.715,-24.429,0.073
"WLO","2015-05-09","17:14:05",62045,26200,651359.74,3266273.27,-91.4382639,29.5169079,0.715,-24.428,0.073
"WLO","2015-05-09","17:14:05",62045,26250,651346.33,3266225.11,-91.4384089,29.516475,0.715,-24.428,0.073
"WLO","2015-05-09","17:14:05",62045,26300,651332.91,3266176.94,-91.438554,29.516042,0.715,-24.427,0.073
"WLO","2015-05-09","17:14:05",62045,26350,651319.5,3266128.77,-91.438699,29.5156091,0.715,-24.427,0.073
"WLO","2015-05-09","17:14:05",62045,26400,651306.08,3266080.61,-91.4388441,29.5151762,0.714,-24.426,0.073
"WLO","2015-05-09","17:14:05",62045,26450,651292.67,3266032.44,-91.438989,29.5147432,0.714,-24.426,0.073
"WLO","2015-05-09","17:14:05",62045,26500,651279.25,3265984.27,-91.4391341,29.5143103,0.713,-24.425,0.073
"WLO","2015-05-09","17:14:05",62045,26550,651265.83,3265936.11,-91.4392792,29.5138774,0.713,-24.425,0.073
"WLO","2015-05-09","17:14:05",62045,26600,651252.42,3265887.94,-91.4394242,29.5134445,0.712,-24.425,0.073
"WLO","2015-05-09","17:14:05",62045,26650,651239,3265839.77,-91.4395693,29.5130115,0.711,-24.425,0.073
"WLO","2015-05-09","17:14:05",62045,26700,651225.59,3265791.61,-91.4397143,29.5125786,0.71,-24.425,0.073
"WLO","2015-05-09","17:14:05",62045,26750,651212.17,3265743.44,-91.4398594,29.5121457,0.71,-24.425,0.073
"WLO","2015-05-09","17:14:05",62045,26800,651198.76,3265695.27,-91.4400044,29.5117127,0.709,-24.425,0.073
"WLO","2015-05-09","17:14:05",62045,26850,651185.34,3265647.11,-91.4401494,29.5112798,0.708,-24.425,0.073
"WLO","2015-05-09","17:14:05",62045,26900,651171.93,3265598.94,-91.4402944,29.5108469,0.706,-24.425,0.073
"WLO","2015-05-09","17:14:05",62045,26950,651158.51,3265550.77,-91.4404395,29.5104139,0.705,-24.426,0.073
"WLO","2015-05-09","17:14:05",62045,27000,651145.1,3265502.61,-91.4405845,29.509981,0.704,-24.426,0.073
"WLO","2015-05-09","17:14:05",62045,27050,651131.68,3265454.44,-91.4407295,29.5095481,0.703,-24.427,0.073
"WLO","2015-05-09","17:14:05",62045,27100,651118.27,3265406.27,-91.4408745,29.5091151,0.701,-24.427,0.073
"WLO","2015-05-09","17:14:05",62045,27150,651104.85,3265358.11,-91.4410196,29.5086822,0.7,-24.427,0.073
"WLO","2015-05-09","17:14:05",62045,27200,651091.43,3265309.94,-91.4411647,29.5082493,0.699,-24.428,0.073
"WLO","2015-05-09","17:14:05",62045,27250,651078.02,3265261.77,-91.4413096,29.5078163,0.697,-24.428,0.073
"WLO","2015-05-09","17:14:05",62045,27300,651064.6,3265213.61,-91.4414547,29.5073834,0.696,-24.429,0.073
"WLO","2015-05-09","17:14:05",62045,27350,651051.19,3265165.44,-91.4415997,29.5069505,0.694,-24.429,0.073
"WLO","2015-05-09","17:14:05",62045,27400,651037.77,3265117.27,-91.4417447,29.5065175,0.693,-24.43,0.073
"WLO","2015-05-09","17:14:05",62045,27450,651024.36,3265069.11,-91.4418897,29.5060846,0.692,-24.431,0.073
"WLO","2015-05-09","17:14:05",62045,27500,651010.94,3265020.94,-91.4420348,29.5056517,0.69,-24.431,0.073
"WLO","2015-05-09","17:14:05",62045,27550,650997.53,3264972.77,-91.4421797,29.5052187,0.689,-24.432,0.073
"WLO","2015-05-09","17:14:05",62045,27600,650984.11,3264924.61,-91.4423248,29.5047858,0.687,-24.432,0.073
"WLO","2015-05-09","17:14:05",62045,27650,650970.7,3264876.44,-91.4424698,29.5043528,0.686,-24.433,0.073
"WLO","2015-05-09","17:14:05",62045,27700,650957.28,3264828.27,-91.4426148,29.5039199,0.684,-24.434,0.073
"WLO","2015-05-09","17:14:05",62045,27750,650943.87,3264780.11,-91.4427598,29.503487,0.682,-24.435,0.073
"WLO","2015-05-09","17:14:05",62045,27800,650930.45,3264731.94,-91.4429048,29.503054,0.681,-24.435,0.073
"WLO","2015-05-09","17:14:05",62045,27850,650917.03,3264683.77,-91.4430499,29.5026211,0.679,-24.436,0.073
"WLO","2015-05-09","17:14:05",62045,27900,650903.62,3264635.61,-91.4431948,29.5021882,0.677,-24.437,0.073
"WLO","2015-05-09","17:14:05",62045,27950,650890.2,3264587.44,-91.4433399,29.5017552,0.675,-24.438,0.073
"WLO","2015-05-09","17:14:05",62045,28000,650876.79,3264539.27,-91.4434848,29.5013223,0.674,-24.439,0.073
"WLO","2015-05-09","17:14:05",62045,28050,650863.37,3264491.11,-91.4436299,29.5008894,0.672,-24.44,0.073
"WLO","2015-05-09","17:14:05",62045,28100,650849.96,3264442.94,-91.4437748,29.5004564,0.67,-24.441,0.073
"WLO","2015-05-09","17:14:05",62045,28150,650836.54,3264394.77,-91.4439199,29.5000234,0.668,-24.442,0.073
"WLO","2015-05-09","17:14:05",62045,28200,650823.13,3264346.61,-91.4440648,29.4995906,0.666,-24.443,0.073
"WLO","2015-05-09","17:14:05",62045,28250,650809.71,3264298.44,-91.4442099,29.4991576,0.664,-24.444,0.073
"WLO","2015-05-09","17:14:05",62045,28300,650796.3,3264250.27,-91.4443548,29.4987246,0.663,-24.445,0.073
"WLO","2015-05-09","17:14:05",62045,28350,650782.88,3264202.11,-91.4444999,29.4982918,0.661,-24.446,0.073
"WLO","2015-05-09","17:14:05",62045,28400,650769.47,3264153.94,-91.4446448,29.4978588,0.659,-24.446,0.073
"WLO","2015-05-09","17:14:05",62045,28450,650756.05,3264105.77,-91.4447898,29.4974258,0.657,-24.447,0.073
"WLO","2015-05-09","17:14:05",62045,28500,650742.63,3264057.61,-91.4449349,29.4969929,0.655,-24.448,0.073
"WLO","2015-05-09","17:14:05",62045,28550,650729.22,3264009.44,-91.4450798,29.49656,0.654,-24.449,0.073
"WLO","2015-05-09","17:14:05",62045,28600,650715.8,3263961.27,-91.4452249,29.496127,0.652,-24.45,0.073
"WLO","2015-05-09","17:14:05",62045,28650,650702.39,3263913.11,-91.4453698,29.4956941,0.65,-24.451,0.073
"WLO","2015-05-09","17:14:05",62045,28700,650688.97,3263864.94,-91.4455148,29.4952611,0.649,-24.452,0.073
"WLO","2015-05-09","17:14:05",62045,28750,650675.56,3263816.77,-91.4456597,29.4948282,0.647,-24.452,0.073
"WLO","2015-05-09","17:14:05",62045,28800,650662.14,3263768.61,-91.4458048,29.4943953,0.646,-24.453,0.073
"WLO","2015-05-09","17:14:05",62045,28850,650648.73,3263720.44,-91.4459497,29.4939623,0.644,-24.453,0.073
"WLO","2015-05-09","17:14:05",62045,28900,650635.31,3263672.27,-91.4460947,29.4935293,0.643,-24.454,0.073
"WLO","2015-05-09","17:14:05",62045,28950,650621.9,3263624.11,-91.4462397,29.4930965,0.642,-24.455,0.073
"WLO","2015-05-09","17:14:05",62045,29000,650608.48,3263575.94,-91.4463847,29.4926635,0.64,-24.455,0.073
"WLO","2015-05-09","17:14:05",62045,29050,650595.07,3263527.77,-91.4465296,29.4922305,0.639,-24.455,0.073
"WLO","2015-05-09","17:14:05",62045,29100,650581.65,3263479.61,-91.4466746,29.4917976,0.638,-24.456,0.073
"WLO","2015-05-09","17:14:05",62045,29150,650568.23,3263431.44,-91.4468197,29.4913647,0.637,-24.456,0.073
"WLO","2015-05-09","17:14:05",62045,29200,650554.82,3263383.27,-91.4469646,29.4909317,0.635,-24.457,0.073
"WLO","2015-05-09","17:14:05",62045,29250,650541.4,3263335.11,-91.4471096,29.4904988,0.634,-24.457,0.073
"WLO","2015-05-09","17:14:05",62045,29300,650527.99,3263286.94,-91.4472545,29.4900658,0.633,-24.458,0.073
"WLO","2015-05-09","17:14:05",62045,29350,650514.57,3263238.77,-91.4473995,29.4896329,0.631,-24.458,0.073
"WLO","2015-05-09","17:14:05",62045,29400,650501.16,3263190.61,-91.4475444,29.4892,0.63,-24.459,0.073
"WLO","2015-05-09","17:14:05",62045,29450,650487.74,3263142.44,-91.4476894,29.488767,0.628,-24.46,0.073
"WLO","2015-05-09","17:14:05",62045,29500,650474.33,3263094.27,-91.4478344,29.488334,0.626,-24.461,0.073
"WLO","2015-05-09","17:14:05",62045,29550,650460.91,3263046.11,-91.4479794,29.4879011,0.625,-24.461,0.073
"WLO","2015-05-09","17:14:05",62045,29600,650447.5,3262997.94,-91.4481243,29.4874682,0.623,-24.462,0.073
"WLO","2015-05-09","17:14:05",62045,29650,650434.08,3262949.77,-91.4482693,29.4870352,0.622,-24.463,0.073
"WLO","2015-05-09","17:14:05",62045,29700,650420.67,3262901.61,-91.4484142,29.4866023,0.62,-24.464,0.073
"WLO","2015-05-09","17:14:05",62045,29750,650407.25,3262853.44,-91.4485592,29.4861693,0.618,-24.465,0.073
"WLO","2015-05-09","17:14:05",62045,29800,650393.84,3262805.27,-91.4487041,29.4857364,0.616,-24.466,0.073
"WLO","2015-05-09","17:14:05",62045,29850,650380.42,3262757.11,-91.4488491,29.4853035,0.615,-24.467,0.073
"WLO","2015-05-09","17:14:05",62045,29900,650367,3262708.94,-91.4489941,29.4848705,0.613,-24.468,0.073
"WLO","2015-05-09","17:14:05",62045,29950,650353.59,3262660.77,-91.449139,29.4844375,0.611,-24.469,0.073
"WLO","2015-05-09","17:14:05",62045,30000,650340.17,3262612.61,-91.449284,29.4840046,0.609,-24.47,0.073
"WLO","2015-05-09","17:14:05",62045,30050,650326.76,3262564.44,-91.4494289,29.4835717,0.607,-24.471,0.073
"WLO","2015-05-09","17:14:05",62045,30100,650313.34,3262516.27,-91.4495739,29.4831387,0.605,-24.473,0.073
"WLO","2015-05-09","17:14:05",62045,30150,650299.93,3262468.11,-91.4497188,29.4827058,0.603,-24.474,0.073
"WLO","2015-05-09","17:14:05",62045,30200,650286.51,3262419.94,-91.4498638,29.4822728,0.6,-24.475,0.073
"WLO","2015-05-09","17:14:05",62045,30250,650273.1,3262371.77,-91.4500087,29.4818398,0.598,-24.477,0.073
"WLO","2015-05-09","17:14:05",62045,30300,650259.68,3262323.61,-91.4501537,29.4814069,0.596,-24.478,0.073
"WLO","2015-05-09","17:14:05",62045,30350,650246.27,3262275.44,-91.4502986,29.480974,0.594,-24.48,0.073
"WLO","2015-05-09","17:14:05",62045,30400,650232.85,3262227.27,-91.4504435,29.480541,0.592,-24.481,0.073
"WLO","2015-05-09","17:14:05",62045,30450,650219.44,3262179.11,-91.4505884,29.4801081,0.59,-24.482,0.073
"WLO","2015-05-09","17:14:05",62045,30500,650206.02,3262130.94,-91.4507334,29.4796751,0.587,-24.484,0.073
"WLO","2015-05-09","17:14:05",62045,30550,650192.6,3262082.77,-91.4508784,29.4792421,0.585,-24.485,0.073
"WLO","2015-05-09","17:14:05",62045,30600,650179.19,3262034.61,-91.4510233,29.4788093,0.583,-24.487,0.073
"WLO","2015-05-09","17:14:05",62045,30650,650165.77,3261986.44,-91.4511683,29.4783763,0.58,-24.489,0.073
"WLO","2015-05-09","17:14:05",62045,30700,650152.36,3261938.27,-91.4513131,29.4779433,0.578,-24.49,0.073
"WLO","2015-05-09","17:14:05",62045,30750,650138.94,3261890.11,-91.4514581,29.4775104,0.576,-24.492,0.073
"WLO","2015-05-09","17:14:05",62045,30800,650125.53,3261841.94,-91.451603,29.4770774,0.573,-24.493,0.073
"WLO","2015-05-09","17:14:05",62045,30850,650112.11,3261793.77,-91.451748,29.4766444,0.571,-24.495,0.073
"WLO","2015-05-09","17:14:05",62045,30900,650098.7,3261745.61,-91.4518928,29.4762116,0.568,-24.497,0.073
"WLO","2015-05-09","17:14:05",62045,30950,650085.28,3261697.44,-91.4520378,29.4757786,0.566,-24.499,0.073
"WLO","2015-05-09","17:14:05",62045,31000,650071.87,3261649.27,-91.4521827,29.4753456,0.563,-24.5,0.073
"WLO","2015-05-09","17:14:05",62045,31050,650058.45,3261601.11,-91.4523277,29.4749127,0.561,-24.502,0.073
"WLO","2015-05-09","17:14:05",62045,31100,650045.04,3261552.94,-91.4524725,29.4744797,0.559,-24.503,0.073
"WLO","2015-05-09","17:14:05",62045,31150,650031.62,3261504.77,-91.4526175,29.4740467,0.556,-24.505,0.073
"WLO","2015-05-09","17:14:05",62045,31200,650018.2,3261456.61,-91.4527625,29.4736138,0.554,-24.506,0.073
"WLO","2015-05-09","17:14:05",62045,31250,650004.79,3261408.44,-91.4529073,29.4731809,0.552,-24.507,0.073
"WLO","2015-05-09","17:14:05",62045,31300,649991.37,3261360.27,-91.4530523,29.4727479,0.55,-24.509,0.073
"WLO","2015-05-09","17:14:05",62045,31350,649977.96,3261312.11,-91.4531972,29.472315,0.548,-24.51,0.073
"WLO","2015-05-09","17:14:05",62045,31400,649964.54,3261263.94,-91.4533421,29.471882,0.547,-24.511,0.073
"WLO","2015-05-09","17:14:05",62045,31450,649951.13,3261215.77,-91.453487,29.471449,0.545,-24.512,0.073
"WLO","2015-05-09","17:14:05",62045,31500,649937.71,3261167.61,-91.4536319,29.4710161,0.543,-24.512,0.073
"WLO","2015-05-09","17:14:05",62045,31550,649924.3,3261119.44,-91.4537768,29.4705831,0.542,-24.513,0.073
"WLO","2015-05-09","17:14:05",62045,31600,649910.88,3261071.27,-91.4539218,29.4701502,0.54,-24.514,0.073
"WLO","2015-05-09","17:14:05",62045,31650,649897.47,3261023.11,-91.4540666,29.4697173,0.539,-24.515,0.073
"WLO","2015-05-09","17:14:05",62045,31700,649884.05,3260974.94,-91.4542116,29.4692843,0.537,-24.516,0.073
"WLO","2015-05-09","17:14:05",62045,31750,649870.64,3260926.77,-91.4543564,29.4688513,0.535,-24.516,0.073
"WLO","2015-05-09","17:14:05",62045,31800,649857.22,3260878.61,-91.4545014,29.4684184,0.534,-24.517,0.073
"WLO","2015-05-09","17:14:05",62045,31850,649843.8,3260830.44,-91.4546463,29.4679854,0.532,-24.518,0.073
"WLO","2015-05-09","17:14:05",62045,31900,649830.39,3260782.27,-91.4547912,29.4675524,0.53,-24.519,0.073
"WLO","2015-05-09","17:14:05",62045,31950,649816.97,3260734.11,-91.4549361,29.4671195,0.529,-24.52,0.073
"WLO","2015-05-09","17:14:05",62045,32000,649803.56,3260685.94,-91.455081,29.4666865,0.527,-24.521,0.073
"WLO","2015-05-09","17:14:05",62045,32050,649790.14,3260637.77,-91.4552259,29.4662536,0.526,-24.522,0.073
"WLO","2015-05-09","17:14:05",62045,32100,649776.73,3260589.61,-91.4553707,29.4658207,0.524,-24.522,0.073
"WLO","2015-05-09","17:14:05",62045,32150,649763.31,3260541.44,-91.4555157,29.4653877,0.522,-24.523,0.073
"WLO","2015-05-09","17:14:05",62045,32200,649749.9,3260493.27,-91.4556605,29.4649547,0.521,-24.524,0.073
"WLO","2015-05-09","17:14:05",62045,32250,649736.48,3260445.11,-91.4558055,29.4645218,0.519,-24.525,0.073
"WLO","2015-05-09","17:14:05",62045,32300,649723.07,3260396.94,-91.4559503,29.4640888,0.518,-24.526,0.073
"WLO","2015-05-09","17:14:05",62045,32350,649709.65,3260348.77,-91.4560952,29.4636558,0.516,-24.527,0.073
"WLO","2015-05-09","17:14:05",62045,32400,649696.24,3260300.61,-91.4562401,29.4632229,0.514,-24.527,0.073
"WLO","2015-05-09","17:14:05",62045,32450,649682.82,3260252.44,-91.456385,29.4627899,0.513,-24.528,0.073
"WLO","2015-05-09","17:14:05",62045,32500,649669.4,3260204.27,-91.4565299,29.4623569,0.511,-24.529,0.073
