basin,site_id,latitude,longitude,bias,calibration_source,time,absolute_water_level_NAVD88,absolute_water_level_WGS84
Atchafalaya,Wax_Lake_5,29.54139165,-91.42702778,0.07,ASO_Lidar,2016-10-16 17:24:36,0.391,-25.009
Atchafalaya,Wax_Lake_5,29.54139165,-91.42702778,0.07,ASO_Lidar,2016-10-16 17:29:36,0.393,-25.007
Atchafalaya,Wax_Lake_5,29.54139165,-91.42702778,0.07,ASO_Lidar,2016-10-16 17:34:36,0.396,-25.004
Atchafalaya,Wax_Lake_5,29.54139165,-91.42702778,0.07,ASO_Lidar,2016-10-16 17:39:36,0.401,-24.999
Atchafalaya,Wax_Lake_5,29.54139165,-91.42702778,0.07,ASO_Lidar,2016-10-16 17:44:36,0.406,-24.993
Atchafalaya,Wax_Lake_5,29.54139165,-91.42702778,0.07,ASO_Lidar,2016-10-16 17:49:36,0.413,-24.987
Atchafalaya,Wax_Lake_5,29.54139165,-91.42702778,0.07,ASO_Lidar,2016-10-16 17:54:36,0.42,-24.98
Atchafalaya,Wax_Lake_5,29.54139165,-91.42702778,0.07,ASO_Lidar,2016-10-16 17:59:36,0.427,-24.973
Atchafalaya,Wax_Lake_5,29.54139165,-91.42702778,0.07,ASO_Lidar,2016-10-16 18:04:36,0.433,-24.966
Atchafalaya,Wax_Lake_5,29.54139165,-91.42702778,0.07,ASO_Lidar,2016-10-16 18:09:36,0.441,-24.959
Atchafalaya,Wax_Lake_5,29.54139165,-91.42702778,0.07,ASO_Lidar,2016-10-16 18:14:36,0.449,-24.951
Atchafalaya,Wax_Lake_5,29.54139165,-91.42702778,0.07,ASO_Lidar,2016-10-16 18:19:36,0.457,-24.943
Atchafalaya,Wax_Lake_5,29.54139165,-91.42702778,0.07,ASO_Lidar,2016-10-16 18:24:36,0.466,-24.934
Atchafalaya,Wax_Lake_5,29.54139165,-91.42702778,0.07,ASO_Lidar,2016-10-16 18:29:36,0.475,-24.924
Atchafalaya,Wax_Lake_5,29.54139165,-91.42702778,0.07,ASO_Lidar,2016-10-16 18:34:36,0.485,-24.915
Atchafalaya,Wax_Lake_5,29.54139165,-91.42702778,0.07,ASO_Lidar,2016-10-16 18:39:36,0.494,-24.906
Atchafalaya,Wax_Lake_5,29.54139165,-91.42702778,0.07,ASO_Lidar,2016-10-16 18:44:36,0.503,-24.897
Atchafalaya,Wax_Lake_5,29.54139165,-91.42702778,0.07,ASO_Lidar,2016-10-16 18:49:36,0.512,-24.887
Atchafalaya,Wax_Lake_5,29.54139165,-91.42702778,0.07,ASO_Lidar,2016-10-16 18:54:36,0.521,-24.879
Atchafalaya,Wax_Lake_5,29.54139165,-91.42702778,0.07,ASO_Lidar,2016-10-16 18:59:36,0.53,-24.869
Atchafalaya,Wax_Lake_5,29.54139165,-91.42702778,0.07,ASO_Lidar,2016-10-16 19:04:36,0.541,-24.859
Atchafalaya,Wax_Lake_5,29.54139165,-91.42702778,0.07,ASO_Lidar,2016-10-16 19:09:36,0.552,-24.848
Atchafalaya,Wax_Lake_5,29.54139165,-91.42702778,0.07,ASO_Lidar,2016-10-16 19:14:36,0.564,-24.836
Atchafalaya,Wax_Lake_5,29.54139165,-91.42702778,0.07,ASO_Lidar,2016-10-16 19:19:36,0.575,-24.825
Atchafalaya,Wax_Lake_5,29.54139165,-91.42702778,0.07,ASO_Lidar,2016-10-16 19:24:36,0.585,-24.814
Atchafalaya,Wax_Lake_5,29.54139165,-91.42702778,0.07,ASO_Lidar,2016-10-16 19:29:36,0.596,-24.804
Atchafalaya,Wax_Lake_5,29.54139165,-91.42702778,0.07,ASO_Lidar,2016-10-16 19:34:36,0.606,-24.794
Atchafalaya,Wax_Lake_5,29.54139165,-91.42702778,0.07,ASO_Lidar,2016-10-16 19:39:36,0.617,-24.783
Atchafalaya,Wax_Lake_5,29.54139165,-91.42702778,0.07,ASO_Lidar,2016-10-16 19:44:36,0.626,-24.774
Atchafalaya,Wax_Lake_5,29.54139165,-91.42702778,0.07,ASO_Lidar,2016-10-16 19:49:36,0.636,-24.764
Atchafalaya,Wax_Lake_5,29.54139165,-91.42702778,0.07,ASO_Lidar,2016-10-16 19:54:36,0.647,-24.753
Atchafalaya,Wax_Lake_5,29.54139165,-91.42702778,0.07,ASO_Lidar,2016-10-16 19:59:36,0.657,-24.742
Atchafalaya,Wax_Lake_5,29.54139165,-91.42702778,0.07,ASO_Lidar,2016-10-16 20:04:36,0.668,-24.732
Atchafalaya,Wax_Lake_5,29.54139165,-91.42702778,0.07,ASO_Lidar,2016-10-16 20:09:36,0.678,-24.722
Atchafalaya,Wax_Lake_5,29.54139165,-91.42702778,0.07,ASO_Lidar,2016-10-16 20:14:36,0.687,-24.713
Atchafalaya,Wax_Lake_5,29.54139165,-91.42702778,0.07,ASO_Lidar,2016-10-16 20:19:36,0.696,-24.704
Atchafalaya,Wax_Lake_5,29.54139165,-91.42702778,0.07,ASO_Lidar,2016-10-16 20:24:36,0.704,-24.695
Atchafalaya,Wax_Lake_5,29.54139165,-91.42702778,0.07,ASO_Lidar,2016-10-16 20:29:36,0.713,-24.686
Atchafalaya,Wax_Lake_5,29.54139165,-91.42702778,0.07,ASO_Lidar,2016-10-16 20:34:36,0.721,-24.679
Atchafalaya,Wax_Lake_5,29.54139165,-91.42702778,0.07,ASO_Lidar,2016-10-16 20:39:36,0.729,-24.67
Atchafalaya,Wax_Lake_5,29.54139165,-91.42702778,0.07,ASO_Lidar,2016-10-16 20:44:36,0.738,-24.662
Atchafalaya,Wax_Lake_5,29.54139165,-91.42702778,0.07,ASO_Lidar,2016-10-16 20:49:36,0.746,-24.653
Atchafalaya,Wax_Lake_5,29.54139165,-91.42702778,0.07,ASO_Lidar,2016-10-16 20:54:36,0.756,-24.644
Atchafalaya,Wax_Lake_5,29.54139165,-91.42702778,0.07,ASO_Lidar,2016-10-16 20:59:36,0.764,-24.636
Atchafalaya,Wax_Lake_5,29.54139165,-91.42702778,0.07,ASO_Lidar,2016-10-16 21:04:36,0.77,-24.63
Atchafalaya,Wax_Lake_5,29.54139165,-91.42702778,0.07,ASO_Lidar,2016-10-16 21:09:36,0.776,-24.624
Atchafalaya,Wax_Lake_5,29.54139165,-91.42702778,0.07,ASO_Lidar,2016-10-16 21:14:36,0.78,-24.619
Atchafalaya,Wax_Lake_5,29.54139165,-91.42702778,0.07,ASO_Lidar,2016-10-16 21:19:36,0.784,-24.616
Atchafalaya,Wax_Lake_5,29.54139165,-91.42702778,0.07,ASO_Lidar,2016-10-16 21:24:36,0.787,-24.613
Atchafalaya,Wax_Lake_5,29.54139165,-91.42702778,0.07,ASO_Lidar,2016-10-16 21:29:36,0.79,-24.61
Atchafalaya,Wax_Lake_5,29.54139165,-91.42702778,0.07,ASO_Lidar,2016-10-16 21:34:36,0.794,-24.606
Atchafalaya,Wax_Lake_5,29.54139165,-91.42702778,0.07,ASO_Lidar,2016-10-16 21:39:36,0.799,-24.601
Atchafalaya,Wax_Lake_5,29.54139165,-91.42702778,0.07,ASO_Lidar,2016-10-16 21:44:36,0.805,-24.594
Atchafalaya,Wax_Lake_5,29.54139165,-91.42702778,0.07,ASO_Lidar,2016-10-16 21:49:36,0.812,-24.588
Atchafalaya,Wax_Lake_5,29.54139165,-91.42702778,0.07,ASO_Lidar,2016-10-16 21:54:36,0.817,-24.582
Atchafalaya,Wax_Lake_5,29.54139165,-91.42702778,0.07,ASO_Lidar,2016-10-16 21:59:36,0.822,-24.578
Atchafalaya,Wax_Lake_5,29.54139165,-91.42702778,0.07,ASO_Lidar,2016-10-16 22:04:36,0.826,-24.574
Atchafalaya,Wax_Lake_5,29.54139165,-91.42702778,0.07,ASO_Lidar,2016-10-16 22:09:36,0.828,-24.572
Atchafalaya,Wax_Lake_5,29.54139165,-91.42702778,0.07,ASO_Lidar,2016-10-16 22:14:36,0.829,-24.57
Atchafalaya,Wax_Lake_5,29.54139165,-91.42702778,0.07,ASO_Lidar,2016-10-16 22:19:36,0.829,-24.57
Atchafalaya,Wax_Lake_5,29.54139165,-91.42702778,0.07,ASO_Lidar,2016-10-16 22:24:36,0.828,-24.572
Atchafalaya,Wax_Lake_5,29.54139165,-91.42702778,0.07,ASO_Lidar,2016-10-16 22:29:36,0.827,-24.572
Atchafalaya,Wax_Lake_5,29.54139165,-91.42702778,0.07,ASO_Lidar,2016-10-16 22:34:36,0.826,-24.574
Atchafalaya,Wax_Lake_5,29.54139165,-91.42702778,0.07,ASO_Lidar,2016-10-16 22:39:36,0.825,-24.575
Atchafalaya,Wax_Lake_5,29.54139165,-91.42702778,0.07,ASO_Lidar,2016-10-16 22:44:36,0.823,-24.577
Atchafalaya,Wax_Lake_5,29.54139165,-91.42702778,0.07,ASO_Lidar,2016-10-16 22:49:36,0.821,-24.579
Atchafalaya,Wax_Lake_5,29.54139165,-91.42702778,0.07,ASO_Lidar,2016-10-16 22:54:36,0.818,-24.581
Atchafalaya,Wax_Lake_5,29.54139165,-91.42702778,0.07,ASO_Lidar,2016-10-16 22:59:36,0.817,-24.583
Atchafalaya,Wax_Lake_5,29.54139165,-91.42702778,0.07,ASO_Lidar,2016-10-16 23:04:36,0.815,-24.584
Atchafalaya,Wax_Lake_5,29.54139165,-91.42702778,0.07,ASO_Lidar,2016-10-16 23:09:36,0.813,-24.586
Atchafalaya,Wax_Lake_5,29.54139165,-91.42702778,0.07,ASO_Lidar,2016-10-16 23:14:36,0.811,-24.589
Atchafalaya,Wax_Lake_5,29.54139165,-91.42702778,0.07,ASO_Lidar,2016-10-16 23:19:36,0.809,-24.591
Atchafalaya,Wax_Lake_5,29.54139165,-91.42702778,0.07,ASO_Lidar,2016-10-16 23:24:36,0.806,-24.594
Atchafalaya,Wax_Lake_5,29.54139165,-91.42702778,0.07,ASO_Lidar,2016-10-16 23:29:36,0.802,-24.598
Atchafalaya,Wax_Lake_5,29.54139165,-91.42702778,0.07,ASO_Lidar,2016-10-16 23:34:36,0.797,-24.602
Atchafalaya,Wax_Lake_5,29.54139165,-91.42702778,0.07,ASO_Lidar,2016-10-16 23:39:36,0.792,-24.608
Atchafalaya,Wax_Lake_5,29.54139165,-91.42702778,0.07,ASO_Lidar,2016-10-16 23:44:36,0.787,-24.613
Atchafalaya,Wax_Lake_5,29.54139165,-91.42702778,0.07,ASO_Lidar,2016-10-16 23:49:36,0.782,-24.618
Atchafalaya,Wax_Lake_5,29.54139165,-91.42702778,0.07,ASO_Lidar,2016-10-16 23:54:36,0.776,-24.624
Atchafalaya,Wax_Lake_5,29.54139165,-91.42702778,0.07,ASO_Lidar,2016-10-16 23:59:36,0.77,-24.629
Atchafalaya,Wax_Lake_5,29.54139165,-91.42702778,0.07,ASO_Lidar,2016-10-17 00:04:36,0.765,-24.635
Atchafalaya,Wax_Lake_5,29.54139165,-91.42702778,0.07,ASO_Lidar,2016-10-17 00:09:36,0.759,-24.641
Atchafalaya,Wax_Lake_5,29.54139165,-91.42702778,0.07,ASO_Lidar,2016-10-17 00:14:36,0.753,-24.646
Atchafalaya,Wax_Lake_5,29.54139165,-91.42702778,0.07,ASO_Lidar,2016-10-17 00:19:36,0.747,-24.653
Atchafalaya,Wax_Lake_5,29.54139165,-91.42702778,0.07,ASO_Lidar,2016-10-17 00:24:36,0.741,-24.659
Atchafalaya,Wax_Lake_5,29.54139165,-91.42702778,0.07,ASO_Lidar,2016-10-17 00:29:36,0.734,-24.665
Atchafalaya,Wax_Lake_5,29.54139165,-91.42702778,0.07,ASO_Lidar,2016-10-17 00:34:36,0.728,-24.672
Atchafalaya,Wax_Lake_5,29.54139165,-91.42702778,0.07,ASO_Lidar,2016-10-17 00:39:36,0.722,-24.678
Atchafalaya,Wax_Lake_5,29.54139165,-91.42702778,0.07,ASO_Lidar,2016-10-17 00:44:36,0.716,-24.684
Atchafalaya,Wax_Lake_5,29.54139165,-91.42702778,0.07,ASO_Lidar,2016-10-17 00:49:36,0.71,-24.69
Atchafalaya,Wax_Lake_5,29.54139165,-91.42702778,0.07,ASO_Lidar,2016-10-17 00:54:36,0.704,-24.695
Atchafalaya,Wax_Lake_5,29.54139165,-91.42702778,0.07,ASO_Lidar,2016-10-17 00:59:36,0.699,-24.7
Atchafalaya,Wax_Lake_5,29.54139165,-91.42702778,0.07,ASO_Lidar,2016-10-17 01:04:36,0.694,-24.705
Atchafalaya,Wax_Lake_5,29.54139165,-91.42702778,0.07,ASO_Lidar,2016-10-17 01:09:36,0.69,-24.71
Atchafalaya,Wax_Lake_5,29.54139165,-91.42702778,0.07,ASO_Lidar,2016-10-17 01:14:36,0.686,-24.713
Atchafalaya,Wax_Lake_5,29.54139165,-91.42702778,0.07,ASO_Lidar,2016-10-17 01:19:36,0.683,-24.717
Atchafalaya,Wax_Lake_5,29.54139165,-91.42702778,0.07,ASO_Lidar,2016-10-17 01:24:36,0.679,-24.721
Atchafalaya,Wax_Lake_5,29.54139165,-91.42702778,0.07,ASO_Lidar,2016-10-17 01:29:36,0.675,-24.725
Atchafalaya,Wax_Lake_5,29.54139165,-91.42702778,0.07,ASO_Lidar,2016-10-17 01:34:36,0.671,-24.729
Atchafalaya,Wax_Lake_5,29.54139165,-91.42702778,0.07,ASO_Lidar,2016-10-17 01:39:36,0.666,-24.733
Atchafalaya,Wax_Lake_5,29.54139165,-91.42702778,0.07,ASO_Lidar,2016-10-17 01:44:36,0.662,-24.738
Atchafalaya,Wax_Lake_5,29.54139165,-91.42702778,0.07,ASO_Lidar,2016-10-17 01:49:36,0.659,-24.741
Atchafalaya,Wax_Lake_5,29.54139165,-91.42702778,0.07,ASO_Lidar,2016-10-17 01:54:36,0.654,-24.745
Atchafalaya,Wax_Lake_5,29.54139165,-91.42702778,0.07,ASO_Lidar,2016-10-17 01:59:36,0.651,-24.749
Atchafalaya,Wax_Lake_5,29.54139165,-91.42702778,0.07,ASO_Lidar,2016-10-17 02:04:36,0.648,-24.752
Atchafalaya,Wax_Lake_5,29.54139165,-91.42702778,0.07,ASO_Lidar,2016-10-17 02:09:36,0.645,-24.755
Atchafalaya,Wax_Lake_5,29.54139165,-91.42702778,0.07,ASO_Lidar,2016-10-17 02:14:36,0.641,-24.758
Atchafalaya,Wax_Lake_5,29.54139165,-91.42702778,0.07,ASO_Lidar,2016-10-17 02:19:36,0.638,-24.762
Atchafalaya,Wax_Lake_5,29.54139165,-91.42702778,0.07,ASO_Lidar,2016-10-17 02:24:36,0.635,-24.765
Atchafalaya,Wax_Lake_5,29.54139165,-91.42702778,0.07,ASO_Lidar,2016-10-17 02:29:36,0.631,-24.769
Atchafalaya,Wax_Lake_5,29.54139165,-91.42702778,0.07,ASO_Lidar,2016-10-17 02:34:36,0.627,-24.773
Atchafalaya,Wax_Lake_5,29.54139165,-91.42702778,0.07,ASO_Lidar,2016-10-17 02:39:36,0.623,-24.777
Atchafalaya,Wax_Lake_5,29.54139165,-91.42702778,0.07,ASO_Lidar,2016-10-17 02:44:36,0.619,-24.781
Atchafalaya,Wax_Lake_5,29.54139165,-91.42702778,0.07,ASO_Lidar,2016-10-17 02:49:36,0.615,-24.785
Atchafalaya,Wax_Lake_5,29.54139165,-91.42702778,0.07,ASO_Lidar,2016-10-17 02:54:36,0.611,-24.788
Atchafalaya,Wax_Lake_5,29.54139165,-91.42702778,0.07,ASO_Lidar,2016-10-17 02:59:36,0.609,-24.791
Atchafalaya,Wax_Lake_5,29.54139165,-91.42702778,0.07,ASO_Lidar,2016-10-17 03:04:36,0.607,-24.793
Atchafalaya,Wax_Lake_5,29.54139165,-91.42702778,0.07,ASO_Lidar,2016-10-17 03:09:36,0.605,-24.794
Atchafalaya,Wax_Lake_5,29.54139165,-91.42702778,0.07,ASO_Lidar,2016-10-17 03:14:36,0.604,-24.796
Atchafalaya,Wax_Lake_5,29.54139165,-91.42702778,0.07,ASO_Lidar,2016-10-17 03:19:36,0.602,-24.798
Atchafalaya,Wax_Lake_5,29.54139165,-91.42702778,0.07,ASO_Lidar,2016-10-17 03:24:36,0.6,-24.799
Atchafalaya,Wax_Lake_5,29.54139165,-91.42702778,0.07,ASO_Lidar,2016-10-17 03:29:36,0.599,-24.801
Atchafalaya,Wax_Lake_5,29.54139165,-91.42702778,0.07,ASO_Lidar,2016-10-17 03:34:36,0.597,-24.802
Atchafalaya,Wax_Lake_5,29.54139165,-91.42702778,0.07,ASO_Lidar,2016-10-17 03:39:36,0.596,-24.804
Atchafalaya,Wax_Lake_5,29.54139165,-91.42702778,0.07,ASO_Lidar,2016-10-17 03:44:36,0.595,-24.805
Atchafalaya,Wax_Lake_5,29.54139165,-91.42702778,0.07,ASO_Lidar,2016-10-17 03:49:36,0.595,-24.804
Atchafalaya,Wax_Lake_5,29.54139165,-91.42702778,0.07,ASO_Lidar,2016-10-17 03:54:36,0.595,-24.805
Atchafalaya,Wax_Lake_5,29.54139165,-91.42702778,0.07,ASO_Lidar,2016-10-17 03:59:36,0.594,-24.806
Atchafalaya,Wax_Lake_5,29.54139165,-91.42702778,0.07,ASO_Lidar,2016-10-17 04:04:36,0.593,-24.807
Atchafalaya,Wax_Lake_5,29.54139165,-91.42702778,0.07,ASO_Lidar,2016-10-17 04:09:36,0.593,-24.807
Atchafalaya,Wax_Lake_5,29.54139165,-91.42702778,0.07,ASO_Lidar,2016-10-17 04:14:36,0.593,-24.807
Atchafalaya,Wax_Lake_5,29.54139165,-91.42702778,0.07,ASO_Lidar,2016-10-17 04:19:36,0.594,-24.806
Atchafalaya,Wax_Lake_5,29.54139165,-91.42702778,0.07,ASO_Lidar,2016-10-17 04:24:36,0.596,-24.804
Atchafalaya,Wax_Lake_5,29.54139165,-91.42702778,0.07,ASO_Lidar,2016-10-17 04:29:36,0.597,-24.802
Atchafalaya,Wax_Lake_5,29.54139165,-91.42702778,0.07,ASO_Lidar,2016-10-17 04:34:36,0.599,-24.8
Atchafalaya,Wax_Lake_5,29.54139165,-91.42702778,0.07,ASO_Lidar,2016-10-17 04:39:36,0.602,-24.798
Atchafalaya,Wax_Lake_5,29.54139165,-91.42702778,0.07,ASO_Lidar,2016-10-17 04:44:36,0.603,-24.797
Atchafalaya,Wax_Lake_5,29.54139165,-91.42702778,0.07,ASO_Lidar,2016-10-17 04:49:36,0.603,-24.797
Atchafalaya,Wax_Lake_5,29.54139165,-91.42702778,0.07,ASO_Lidar,2016-10-17 04:54:36,0.603,-24.796
Atchafalaya,Wax_Lake_5,29.54139165,-91.42702778,0.07,ASO_Lidar,2016-10-17 04:59:36,0.603,-24.797
Atchafalaya,Wax_Lake_5,29.54139165,-91.42702778,0.07,ASO_Lidar,2016-10-17 05:04:36,0.603,-24.797
Atchafalaya,Wax_Lake_5,29.54139165,-91.42702778,0.07,ASO_Lidar,2016-10-17 05:09:36,0.603,-24.797
Atchafalaya,Wax_Lake_5,29.54139165,-91.42702778,0.07,ASO_Lidar,2016-10-17 05:14:36,0.603,-24.796
Atchafalaya,Wax_Lake_5,29.54139165,-91.42702778,0.07,ASO_Lidar,2016-10-17 05:19:36,0.605,-24.795
Atchafalaya,Wax_Lake_5,29.54139165,-91.42702778,0.07,ASO_Lidar,2016-10-17 05:24:36,0.606,-24.793
Atchafalaya,Wax_Lake_5,29.54139165,-91.42702778,0.07,ASO_Lidar,2016-10-17 05:29:36,0.609,-24.791
Atchafalaya,Wax_Lake_5,29.54139165,-91.42702778,0.07,ASO_Lidar,2016-10-17 05:34:36,0.612,-24.788
Atchafalaya,Wax_Lake_5,29.54139165,-91.42702778,0.07,ASO_Lidar,2016-10-17 05:39:36,0.615,-24.785
Atchafalaya,Wax_Lake_5,29.54139165,-91.42702778,0.07,ASO_Lidar,2016-10-17 05:44:36,0.617,-24.782
Atchafalaya,Wax_Lake_5,29.54139165,-91.42702778,0.07,ASO_Lidar,2016-10-17 05:49:36,0.619,-24.78
Atchafalaya,Wax_Lake_5,29.54139165,-91.42702778,0.07,ASO_Lidar,2016-10-17 05:54:36,0.62,-24.779
Atchafalaya,Wax_Lake_5,29.54139165,-91.42702778,0.07,ASO_Lidar,2016-10-17 05:59:36,0.621,-24.779
Atchafalaya,Wax_Lake_5,29.54139165,-91.42702778,0.07,ASO_Lidar,2016-10-17 06:04:36,0.622,-24.778
Atchafalaya,Wax_Lake_5,29.54139165,-91.42702778,0.07,ASO_Lidar,2016-10-17 06:09:36,0.623,-24.777
Atchafalaya,Wax_Lake_5,29.54139165,-91.42702778,0.07,ASO_Lidar,2016-10-17 06:14:36,0.624,-24.775
Atchafalaya,Wax_Lake_5,29.54139165,-91.42702778,0.07,ASO_Lidar,2016-10-17 06:19:36,0.626,-24.774
Atchafalaya,Wax_Lake_5,29.54139165,-91.42702778,0.07,ASO_Lidar,2016-10-17 06:24:36,0.628,-24.771
Atchafalaya,Wax_Lake_5,29.54139165,-91.42702778,0.07,ASO_Lidar,2016-10-17 06:29:36,0.63,-24.769
Atchafalaya,Wax_Lake_5,29.54139165,-91.42702778,0.07,ASO_Lidar,2016-10-17 06:34:36,0.633,-24.767
Atchafalaya,Wax_Lake_5,29.54139165,-91.42702778,0.07,ASO_Lidar,2016-10-17 06:39:36,0.634,-24.766
Atchafalaya,Wax_Lake_5,29.54139165,-91.42702778,0.07,ASO_Lidar,2016-10-17 06:44:36,0.635,-24.764
Atchafalaya,Wax_Lake_5,29.54139165,-91.42702778,0.07,ASO_Lidar,2016-10-17 06:49:36,0.638,-24.762
Atchafalaya,Wax_Lake_5,29.54139165,-91.42702778,0.07,ASO_Lidar,2016-10-17 06:54:36,0.64,-24.76
Atchafalaya,Wax_Lake_5,29.54139165,-91.42702778,0.07,ASO_Lidar,2016-10-17 06:59:36,0.643,-24.757
Atchafalaya,Wax_Lake_5,29.54139165,-91.42702778,0.07,ASO_Lidar,2016-10-17 07:04:36,0.645,-24.755
Atchafalaya,Wax_Lake_5,29.54139165,-91.42702778,0.07,ASO_Lidar,2016-10-17 07:09:36,0.646,-24.754
Atchafalaya,Wax_Lake_5,29.54139165,-91.42702778,0.07,ASO_Lidar,2016-10-17 07:14:36,0.648,-24.752
Atchafalaya,Wax_Lake_5,29.54139165,-91.42702778,0.07,ASO_Lidar,2016-10-17 07:19:36,0.649,-24.751
Atchafalaya,Wax_Lake_5,29.54139165,-91.42702778,0.07,ASO_Lidar,2016-10-17 07:24:36,0.651,-24.749
Atchafalaya,Wax_Lake_5,29.54139165,-91.42702778,0.07,ASO_Lidar,2016-10-17 07:29:36,0.651,-24.748
Atchafalaya,Wax_Lake_5,29.54139165,-91.42702778,0.07,ASO_Lidar,2016-10-17 07:34:36,0.654,-24.746
Atchafalaya,Wax_Lake_5,29.54139165,-91.42702778,0.07,ASO_Lidar,2016-10-17 07:39:36,0.657,-24.743
Atchafalaya,Wax_Lake_5,29.54139165,-91.42702778,0.07,ASO_Lidar,2016-10-17 07:44:36,0.661,-24.739
Atchafalaya,Wax_Lake_5,29.54139165,-91.42702778,0.07,ASO_Lidar,2016-10-17 07:49:36,0.664,-24.736
Atchafalaya,Wax_Lake_5,29.54139165,-91.42702778,0.07,ASO_Lidar,2016-10-17 07:54:36,0.667,-24.733
Atchafalaya,Wax_Lake_5,29.54139165,-91.42702778,0.07,ASO_Lidar,2016-10-17 07:59:36,0.671,-24.729
Atchafalaya,Wax_Lake_5,29.54139165,-91.42702778,0.07,ASO_Lidar,2016-10-17 08:04:36,0.674,-24.725
Atchafalaya,Wax_Lake_5,29.54139165,-91.42702778,0.07,ASO_Lidar,2016-10-17 08:09:36,0.678,-24.722
Atchafalaya,Wax_Lake_5,29.54139165,-91.42702778,0.07,ASO_Lidar,2016-10-17 08:14:36,0.682,-24.718
Atchafalaya,Wax_Lake_5,29.54139165,-91.42702778,0.07,ASO_Lidar,2016-10-17 08:19:36,0.685,-24.715
Atchafalaya,Wax_Lake_5,29.54139165,-91.42702778,0.07,ASO_Lidar,2016-10-17 08:24:36,0.688,-24.711
Atchafalaya,Wax_Lake_5,29.54139165,-91.42702778,0.07,ASO_Lidar,2016-10-17 08:29:36,0.692,-24.708
Atchafalaya,Wax_Lake_5,29.54139165,-91.42702778,0.07,ASO_Lidar,2016-10-17 08:34:36,0.694,-24.705
Atchafalaya,Wax_Lake_5,29.54139165,-91.42702778,0.07,ASO_Lidar,2016-10-17 08:39:36,0.697,-24.703
Atchafalaya,Wax_Lake_5,29.54139165,-91.42702778,0.07,ASO_Lidar,2016-10-17 08:44:36,0.699,-24.701
Atchafalaya,Wax_Lake_5,29.54139165,-91.42702778,0.07,ASO_Lidar,2016-10-17 08:49:36,0.699,-24.7
Atchafalaya,Wax_Lake_5,29.54139165,-91.42702778,0.07,ASO_Lidar,2016-10-17 08:54:36,0.699,-24.701
Atchafalaya,Wax_Lake_5,29.54139165,-91.42702778,0.07,ASO_Lidar,2016-10-17 08:59:36,0.698,-24.701
Atchafalaya,Wax_Lake_5,29.54139165,-91.42702778,0.07,ASO_Lidar,2016-10-17 09:04:36,0.697,-24.702
Atchafalaya,Wax_Lake_5,29.54139165,-91.42702778,0.07,ASO_Lidar,2016-10-17 09:09:36,0.696,-24.704
Atchafalaya,Wax_Lake_5,29.54139165,-91.42702778,0.07,ASO_Lidar,2016-10-17 09:14:36,0.695,-24.705
Atchafalaya,Wax_Lake_5,29.54139165,-91.42702778,0.07,ASO_Lidar,2016-10-17 09:19:36,0.694,-24.705
Atchafalaya,Wax_Lake_5,29.54139165,-91.42702778,0.07,ASO_Lidar,2016-10-17 09:24:36,0.694,-24.706
Atchafalaya,Wax_Lake_5,29.54139165,-91.42702778,0.07,ASO_Lidar,2016-10-17 09:29:36,0.694,-24.705
Atchafalaya,Wax_Lake_5,29.54139165,-91.42702778,0.07,ASO_Lidar,2016-10-17 09:34:36,0.693,-24.707
Atchafalaya,Wax_Lake_5,29.54139165,-91.42702778,0.07,ASO_Lidar,2016-10-17 09:39:36,0.692,-24.708
Atchafalaya,Wax_Lake_5,29.54139165,-91.42702778,0.07,ASO_Lidar,2016-10-17 09:44:36,0.69,-24.71
Atchafalaya,Wax_Lake_5,29.54139165,-91.42702778,0.07,ASO_Lidar,2016-10-17 09:49:36,0.687,-24.712
Atchafalaya,Wax_Lake_5,29.54139165,-91.42702778,0.07,ASO_Lidar,2016-10-17 09:54:36,0.684,-24.716
Atchafalaya,Wax_Lake_5,29.54139165,-91.42702778,0.07,ASO_Lidar,2016-10-17 09:59:36,0.681,-24.719
Atchafalaya,Wax_Lake_5,29.54139165,-91.42702778,0.07,ASO_Lidar,2016-10-17 10:04:36,0.677,-24.723
Atchafalaya,Wax_Lake_5,29.54139165,-91.42702778,0.07,ASO_Lidar,2016-10-17 10:09:36,0.673,-24.727
Atchafalaya,Wax_Lake_5,29.54139165,-91.42702778,0.07,ASO_Lidar,2016-10-17 10:14:36,0.668,-24.732
Atchafalaya,Wax_Lake_5,29.54139165,-91.42702778,0.07,ASO_Lidar,2016-10-17 10:19:36,0.663,-24.737
Atchafalaya,Wax_Lake_5,29.54139165,-91.42702778,0.07,ASO_Lidar,2016-10-17 10:24:36,0.657,-24.743
Atchafalaya,Wax_Lake_5,29.54139165,-91.42702778,0.07,ASO_Lidar,2016-10-17 10:29:36,0.652,-24.748
Atchafalaya,Wax_Lake_5,29.54139165,-91.42702778,0.07,ASO_Lidar,2016-10-17 10:34:36,0.647,-24.753
Atchafalaya,Wax_Lake_5,29.54139165,-91.42702778,0.07,ASO_Lidar,2016-10-17 10:39:36,0.642,-24.757
Atchafalaya,Wax_Lake_5,29.54139165,-91.42702778,0.07,ASO_Lidar,2016-10-17 10:44:36,0.637,-24.762
Atchafalaya,Wax_Lake_5,29.54139165,-91.42702778,0.07,ASO_Lidar,2016-10-17 10:49:36,0.633,-24.767
Atchafalaya,Wax_Lake_5,29.54139165,-91.42702778,0.07,ASO_Lidar,2016-10-17 10:54:36,0.629,-24.771
Atchafalaya,Wax_Lake_5,29.54139165,-91.42702778,0.07,ASO_Lidar,2016-10-17 10:59:36,0.625,-24.775
Atchafalaya,Wax_Lake_5,29.54139165,-91.42702778,0.07,ASO_Lidar,2016-10-17 11:04:36,0.621,-24.779
Atchafalaya,Wax_Lake_5,29.54139165,-91.42702778,0.07,ASO_Lidar,2016-10-17 11:09:36,0.616,-24.784
Atchafalaya,Wax_Lake_5,29.54139165,-91.42702778,0.07,ASO_Lidar,2016-10-17 11:14:36,0.612,-24.788
Atchafalaya,Wax_Lake_5,29.54139165,-91.42702778,0.07,ASO_Lidar,2016-10-17 11:19:36,0.607,-24.793
Atchafalaya,Wax_Lake_5,29.54139165,-91.42702778,0.07,ASO_Lidar,2016-10-17 11:24:36,0.601,-24.799
Atchafalaya,Wax_Lake_5,29.54139165,-91.42702778,0.07,ASO_Lidar,2016-10-17 11:29:36,0.596,-24.804
Atchafalaya,Wax_Lake_5,29.54139165,-91.42702778,0.07,ASO_Lidar,2016-10-17 11:34:36,0.59,-24.81
Atchafalaya,Wax_Lake_5,29.54139165,-91.42702778,0.07,ASO_Lidar,2016-10-17 11:39:36,0.584,-24.815
Atchafalaya,Wax_Lake_5,29.54139165,-91.42702778,0.07,ASO_Lidar,2016-10-17 11:44:36,0.578,-24.821
Atchafalaya,Wax_Lake_5,29.54139165,-91.42702778,0.07,ASO_Lidar,2016-10-17 11:49:36,0.572,-24.827
Atchafalaya,Wax_Lake_5,29.54139165,-91.42702778,0.07,ASO_Lidar,2016-10-17 11:54:36,0.567,-24.833
Atchafalaya,Wax_Lake_5,29.54139165,-91.42702778,0.07,ASO_Lidar,2016-10-17 11:59:36,0.561,-24.839
Atchafalaya,Wax_Lake_5,29.54139165,-91.42702778,0.07,ASO_Lidar,2016-10-17 12:04:36,0.555,-24.845
Atchafalaya,Wax_Lake_5,29.54139165,-91.42702778,0.07,ASO_Lidar,2016-10-17 12:09:36,0.549,-24.851
Atchafalaya,Wax_Lake_5,29.54139165,-91.42702778,0.07,ASO_Lidar,2016-10-17 12:14:36,0.544,-24.856
Atchafalaya,Wax_Lake_5,29.54139165,-91.42702778,0.07,ASO_Lidar,2016-10-17 12:19:36,0.538,-24.861
Atchafalaya,Wax_Lake_5,29.54139165,-91.42702778,0.07,ASO_Lidar,2016-10-17 12:24:36,0.533,-24.867
Atchafalaya,Wax_Lake_5,29.54139165,-91.42702778,0.07,ASO_Lidar,2016-10-17 12:29:36,0.527,-24.872
Atchafalaya,Wax_Lake_5,29.54139165,-91.42702778,0.07,ASO_Lidar,2016-10-17 12:34:36,0.521,-24.879
Atchafalaya,Wax_Lake_5,29.54139165,-91.42702778,0.07,ASO_Lidar,2016-10-17 12:39:36,0.515,-24.885
Atchafalaya,Wax_Lake_5,29.54139165,-91.42702778,0.07,ASO_Lidar,2016-10-17 12:44:36,0.509,-24.891
Atchafalaya,Wax_Lake_5,29.54139165,-91.42702778,0.07,ASO_Lidar,2016-10-17 12:49:36,0.504,-24.896
Atchafalaya,Wax_Lake_5,29.54139165,-91.42702778,0.07,ASO_Lidar,2016-10-17 12:54:36,0.499,-24.901
Atchafalaya,Wax_Lake_5,29.54139165,-91.42702778,0.07,ASO_Lidar,2016-10-17 12:59:36,0.493,-24.906
Atchafalaya,Wax_Lake_5,29.54139165,-91.42702778,0.07,ASO_Lidar,2016-10-17 13:04:36,0.488,-24.911
Atchafalaya,Wax_Lake_5,29.54139165,-91.42702778,0.07,ASO_Lidar,2016-10-17 13:09:36,0.484,-24.916
Atchafalaya,Wax_Lake_5,29.54139165,-91.42702778,0.07,ASO_Lidar,2016-10-17 13:14:36,0.478,-24.921
Atchafalaya,Wax_Lake_5,29.54139165,-91.42702778,0.07,ASO_Lidar,2016-10-17 13:19:36,0.472,-24.927
Atchafalaya,Wax_Lake_5,29.54139165,-91.42702778,0.07,ASO_Lidar,2016-10-17 13:24:36,0.467,-24.933
Atchafalaya,Wax_Lake_5,29.54139165,-91.42702778,0.07,ASO_Lidar,2016-10-17 13:29:36,0.461,-24.939
Atchafalaya,Wax_Lake_5,29.54139165,-91.42702778,0.07,ASO_Lidar,2016-10-17 13:34:36,0.456,-24.944
Atchafalaya,Wax_Lake_5,29.54139165,-91.42702778,0.07,ASO_Lidar,2016-10-17 13:39:36,0.45,-24.949
Atchafalaya,Wax_Lake_5,29.54139165,-91.42702778,0.07,ASO_Lidar,2016-10-17 13:44:36,0.445,-24.955
Atchafalaya,Wax_Lake_5,29.54139165,-91.42702778,0.07,ASO_Lidar,2016-10-17 13:49:36,0.44,-24.96
Atchafalaya,Wax_Lake_5,29.54139165,-91.42702778,0.07,ASO_Lidar,2016-10-17 13:54:36,0.435,-24.965
Atchafalaya,Wax_Lake_5,29.54139165,-91.42702778,0.07,ASO_Lidar,2016-10-17 13:59:36,0.43,-24.97
Atchafalaya,Wax_Lake_5,29.54139165,-91.42702778,0.07,ASO_Lidar,2016-10-17 14:04:36,0.424,-24.975
Atchafalaya,Wax_Lake_5,29.54139165,-91.42702778,0.07,ASO_Lidar,2016-10-17 14:09:36,0.419,-24.981
Atchafalaya,Wax_Lake_5,29.54139165,-91.42702778,0.07,ASO_Lidar,2016-10-17 14:14:36,0.414,-24.986
Atchafalaya,Wax_Lake_5,29.54139165,-91.42702778,0.07,ASO_Lidar,2016-10-17 14:19:36,0.41,-24.99
Atchafalaya,Wax_Lake_5,29.54139165,-91.42702778,0.07,ASO_Lidar,2016-10-17 14:24:36,0.405,-24.994
Atchafalaya,Wax_Lake_5,29.54139165,-91.42702778,0.07,ASO_Lidar,2016-10-17 14:29:36,0.401,-24.999
Atchafalaya,Wax_Lake_5,29.54139165,-91.42702778,0.07,ASO_Lidar,2016-10-17 14:34:36,0.397,-25.003
Atchafalaya,Wax_Lake_5,29.54139165,-91.42702778,0.07,ASO_Lidar,2016-10-17 14:39:36,0.393,-25.007
Atchafalaya,Wax_Lake_5,29.54139165,-91.42702778,0.07,ASO_Lidar,2016-10-17 14:44:36,0.388,-25.011
Atchafalaya,Wax_Lake_5,29.54139165,-91.42702778,0.07,ASO_Lidar,2016-10-17 14:49:36,0.384,-25.016
Atchafalaya,Wax_Lake_5,29.54139165,-91.42702778,0.07,ASO_Lidar,2016-10-17 14:54:36,0.38,-25.02
Atchafalaya,Wax_Lake_5,29.54139165,-91.42702778,0.07,ASO_Lidar,2016-10-17 14:59:36,0.376,-25.024
Atchafalaya,Wax_Lake_5,29.54139165,-91.42702778,0.07,ASO_Lidar,2016-10-17 15:04:36,0.372,-25.027
Atchafalaya,Wax_Lake_5,29.54139165,-91.42702778,0.07,ASO_Lidar,2016-10-17 15:09:36,0.368,-25.031
Atchafalaya,Wax_Lake_5,29.54139165,-91.42702778,0.07,ASO_Lidar,2016-10-17 15:14:36,0.365,-25.035
Atchafalaya,Wax_Lake_5,29.54139165,-91.42702778,0.07,ASO_Lidar,2016-10-17 15:19:36,0.362,-25.038
Atchafalaya,Wax_Lake_5,29.54139165,-91.42702778,0.07,ASO_Lidar,2016-10-17 15:24:36,0.36,-25.04
Atchafalaya,Wax_Lake_5,29.54139165,-91.42702778,0.07,ASO_Lidar,2016-10-17 15:29:36,0.357,-25.042
Atchafalaya,Wax_Lake_5,29.54139165,-91.42702778,0.07,ASO_Lidar,2016-10-17 15:34:36,0.355,-25.044
Atchafalaya,Wax_Lake_5,29.54139165,-91.42702778,0.07,ASO_Lidar,2016-10-17 15:39:36,0.353,-25.047
Atchafalaya,Wax_Lake_5,29.54139165,-91.42702778,0.07,ASO_Lidar,2016-10-17 15:44:36,0.351,-25.049
Atchafalaya,Wax_Lake_5,29.54139165,-91.42702778,0.07,ASO_Lidar,2016-10-17 15:49:36,0.349,-25.05
Atchafalaya,Wax_Lake_5,29.54139165,-91.42702778,0.07,ASO_Lidar,2016-10-17 15:54:36,0.348,-25.052
Atchafalaya,Wax_Lake_5,29.54139165,-91.42702778,0.07,ASO_Lidar,2016-10-17 15:59:36,0.346,-25.053
Atchafalaya,Wax_Lake_5,29.54139165,-91.42702778,0.07,ASO_Lidar,2016-10-17 16:04:36,0.346,-25.054
Atchafalaya,Wax_Lake_5,29.54139165,-91.42702778,0.07,ASO_Lidar,2016-10-17 16:09:36,0.346,-25.054
Atchafalaya,Wax_Lake_5,29.54139165,-91.42702778,0.07,ASO_Lidar,2016-10-17 16:14:36,0.346,-25.054
Atchafalaya,Wax_Lake_5,29.54139165,-91.42702778,0.07,ASO_Lidar,2016-10-17 16:19:36,0.346,-25.053
Atchafalaya,Wax_Lake_5,29.54139165,-91.42702778,0.07,ASO_Lidar,2016-10-17 16:24:36,0.347,-25.052
Atchafalaya,Wax_Lake_5,29.54139165,-91.42702778,0.07,ASO_Lidar,2016-10-17 16:29:36,0.348,-25.052
Atchafalaya,Wax_Lake_5,29.54139165,-91.42702778,0.07,ASO_Lidar,2016-10-17 16:34:36,0.349,-25.05
Atchafalaya,Wax_Lake_5,29.54139165,-91.42702778,0.07,ASO_Lidar,2016-10-17 16:39:36,0.351,-25.049
Atchafalaya,Wax_Lake_5,29.54139165,-91.42702778,0.07,ASO_Lidar,2016-10-17 16:44:36,0.353,-25.047
Atchafalaya,Wax_Lake_5,29.54139165,-91.42702778,0.07,ASO_Lidar,2016-10-17 16:49:36,0.355,-25.045
Atchafalaya,Wax_Lake_5,29.54139165,-91.42702778,0.07,ASO_Lidar,2016-10-17 16:54:36,0.357,-25.043
Atchafalaya,Wax_Lake_5,29.54139165,-91.42702778,0.07,ASO_Lidar,2016-10-17 16:59:36,0.36,-25.04
Atchafalaya,Wax_Lake_5,29.54139165,-91.42702778,0.07,ASO_Lidar,2016-10-17 17:04:36,0.363,-25.037
Atchafalaya,Wax_Lake_5,29.54139165,-91.42702778,0.07,ASO_Lidar,2016-10-17 17:09:36,0.366,-25.034
Atchafalaya,Wax_Lake_5,29.54139165,-91.42702778,0.07,ASO_Lidar,2016-10-17 17:14:36,0.37,-25.03
Atchafalaya,Wax_Lake_5,29.54139165,-91.42702778,0.07,ASO_Lidar,2016-10-17 17:19:36,0.374,-25.026
Atchafalaya,Wax_Lake_5,29.54139165,-91.42702778,0.07,ASO_Lidar,2016-10-17 17:24:36,0.378,-25.022
Atchafalaya,Wax_Lake_5,29.54139165,-91.42702778,0.07,ASO_Lidar,2016-10-17 17:29:36,0.383,-25.017
Atchafalaya,Wax_Lake_5,29.54139165,-91.42702778,0.07,ASO_Lidar,2016-10-17 17:34:36,0.388,-25.012
Atchafalaya,Wax_Lake_5,29.54139165,-91.42702778,0.07,ASO_Lidar,2016-10-17 17:39:36,0.394,-25.006
Atchafalaya,Wax_Lake_5,29.54139165,-91.42702778,0.07,ASO_Lidar,2016-10-17 17:44:36,0.4,-25
Atchafalaya,Wax_Lake_5,29.54139165,-91.42702778,0.07,ASO_Lidar,2016-10-17 17:49:36,0.407,-24.993
Atchafalaya,Wax_Lake_5,29.54139165,-91.42702778,0.07,ASO_Lidar,2016-10-17 17:54:36,0.414,-24.986
Atchafalaya,Wax_Lake_5,29.54139165,-91.42702778,0.07,ASO_Lidar,2016-10-17 17:59:36,0.421,-24.979
Atchafalaya,Wax_Lake_5,29.54139165,-91.42702778,0.07,ASO_Lidar,2016-10-17 18:04:36,0.428,-24.972
Atchafalaya,Wax_Lake_5,29.54139165,-91.42702778,0.07,ASO_Lidar,2016-10-17 18:09:36,0.434,-24.966
Atchafalaya,Wax_Lake_5,29.54139165,-91.42702778,0.07,ASO_Lidar,2016-10-17 18:14:36,0.44,-24.96
Atchafalaya,Wax_Lake_5,29.54139165,-91.42702778,0.07,ASO_Lidar,2016-10-17 18:19:36,0.445,-24.955
Atchafalaya,Wax_Lake_5,29.54139165,-91.42702778,0.07,ASO_Lidar,2016-10-17 18:24:36,0.452,-24.948
Atchafalaya,Wax_Lake_5,29.54139165,-91.42702778,0.07,ASO_Lidar,2016-10-17 18:29:36,0.458,-24.942
Atchafalaya,Wax_Lake_5,29.54139165,-91.42702778,0.07,ASO_Lidar,2016-10-17 18:34:36,0.466,-24.934
Atchafalaya,Wax_Lake_5,29.54139165,-91.42702778,0.07,ASO_Lidar,2016-10-17 18:39:36,0.474,-24.926
Atchafalaya,Wax_Lake_5,29.54139165,-91.42702778,0.07,ASO_Lidar,2016-10-17 18:44:36,0.483,-24.917
Atchafalaya,Wax_Lake_5,29.54139165,-91.42702778,0.07,ASO_Lidar,2016-10-17 18:49:36,0.492,-24.908
Atchafalaya,Wax_Lake_5,29.54139165,-91.42702778,0.07,ASO_Lidar,2016-10-17 18:54:36,0.502,-24.898
Atchafalaya,Wax_Lake_5,29.54139165,-91.42702778,0.07,ASO_Lidar,2016-10-17 18:59:36,0.511,-24.889
Atchafalaya,Wax_Lake_5,29.54139165,-91.42702778,0.07,ASO_Lidar,2016-10-17 19:04:36,0.52,-24.879
Atchafalaya,Wax_Lake_5,29.54139165,-91.42702778,0.07,ASO_Lidar,2016-10-17 19:09:36,0.53,-24.87
Atchafalaya,Wax_Lake_5,29.54139165,-91.42702778,0.07,ASO_Lidar,2016-10-17 19:14:36,0.539,-24.861
Atchafalaya,Wax_Lake_5,29.54139165,-91.42702778,0.07,ASO_Lidar,2016-10-17 19:19:36,0.548,-24.852
Atchafalaya,Wax_Lake_5,29.54139165,-91.42702778,0.07,ASO_Lidar,2016-10-17 19:24:36,0.558,-24.842
Atchafalaya,Wax_Lake_5,29.54139165,-91.42702778,0.07,ASO_Lidar,2016-10-17 19:29:36,0.569,-24.831
Atchafalaya,Wax_Lake_5,29.54139165,-91.42702778,0.07,ASO_Lidar,2016-10-17 19:34:36,0.58,-24.819
Atchafalaya,Wax_Lake_5,29.54139165,-91.42702778,0.07,ASO_Lidar,2016-10-17 19:39:36,0.593,-24.807
Atchafalaya,Wax_Lake_5,29.54139165,-91.42702778,0.07,ASO_Lidar,2016-10-17 19:44:36,0.605,-24.795
Atchafalaya,Wax_Lake_5,29.54139165,-91.42702778,0.07,ASO_Lidar,2016-10-17 19:49:36,0.616,-24.784
Atchafalaya,Wax_Lake_5,29.54139165,-91.42702778,0.07,ASO_Lidar,2016-10-17 19:54:36,0.627,-24.773
Atchafalaya,Wax_Lake_5,29.54139165,-91.42702778,0.07,ASO_Lidar,2016-10-17 19:59:36,0.637,-24.763
Atchafalaya,Wax_Lake_5,29.54139165,-91.42702778,0.07,ASO_Lidar,2016-10-17 20:04:36,0.646,-24.754
Atchafalaya,Wax_Lake_5,29.54139165,-91.42702778,0.07,ASO_Lidar,2016-10-17 20:09:36,0.655,-24.745
Atchafalaya,Wax_Lake_5,29.54139165,-91.42702778,0.07,ASO_Lidar,2016-10-17 20:14:36,0.664,-24.736
Atchafalaya,Wax_Lake_5,29.54139165,-91.42702778,0.07,ASO_Lidar,2016-10-17 20:19:36,0.673,-24.727
Atchafalaya,Wax_Lake_5,29.54139165,-91.42702778,0.07,ASO_Lidar,2016-10-17 20:24:36,0.684,-24.716
Atchafalaya,Wax_Lake_5,29.54139165,-91.42702778,0.07,ASO_Lidar,2016-10-17 20:29:36,0.694,-24.706
Atchafalaya,Wax_Lake_5,29.54139165,-91.42702778,0.07,ASO_Lidar,2016-10-17 20:34:36,0.705,-24.695
Atchafalaya,Wax_Lake_5,29.54139165,-91.42702778,0.07,ASO_Lidar,2016-10-17 20:39:36,0.714,-24.685
Atchafalaya,Wax_Lake_5,29.54139165,-91.42702778,0.07,ASO_Lidar,2016-10-17 20:44:36,0.725,-24.675
Atchafalaya,Wax_Lake_5,29.54139165,-91.42702778,0.07,ASO_Lidar,2016-10-17 20:49:36,0.736,-24.664
Atchafalaya,Wax_Lake_5,29.54139165,-91.42702778,0.07,ASO_Lidar,2016-10-17 20:54:36,0.747,-24.653
Atchafalaya,Wax_Lake_5,29.54139165,-91.42702778,0.07,ASO_Lidar,2016-10-17 20:59:36,0.758,-24.642
Atchafalaya,Wax_Lake_5,29.54139165,-91.42702778,0.07,ASO_Lidar,2016-10-17 21:04:36,0.77,-24.63
Atchafalaya,Wax_Lake_5,29.54139165,-91.42702778,0.07,ASO_Lidar,2016-10-17 21:09:36,0.781,-24.619
Atchafalaya,Wax_Lake_5,29.54139165,-91.42702778,0.07,ASO_Lidar,2016-10-17 21:14:36,0.792,-24.608
Atchafalaya,Wax_Lake_5,29.54139165,-91.42702778,0.07,ASO_Lidar,2016-10-17 21:19:36,0.801,-24.599
Atchafalaya,Wax_Lake_5,29.54139165,-91.42702778,0.07,ASO_Lidar,2016-10-17 21:24:36,0.81,-24.59
Atchafalaya,Wax_Lake_5,29.54139165,-91.42702778,0.07,ASO_Lidar,2016-10-17 21:29:36,0.818,-24.582
Atchafalaya,Wax_Lake_5,29.54139165,-91.42702778,0.07,ASO_Lidar,2016-10-17 21:34:36,0.825,-24.575
Atchafalaya,Wax_Lake_5,29.54139165,-91.42702778,0.07,ASO_Lidar,2016-10-17 21:39:36,0.833,-24.567
Atchafalaya,Wax_Lake_5,29.54139165,-91.42702778,0.07,ASO_Lidar,2016-10-17 21:44:36,0.841,-24.559
Atchafalaya,Wax_Lake_5,29.54139165,-91.42702778,0.07,ASO_Lidar,2016-10-17 21:49:36,0.848,-24.552
Atchafalaya,Wax_Lake_5,29.54139165,-91.42702778,0.07,ASO_Lidar,2016-10-17 21:54:36,0.855,-24.545
Atchafalaya,Wax_Lake_5,29.54139165,-91.42702778,0.07,ASO_Lidar,2016-10-17 21:59:36,0.863,-24.537
Atchafalaya,Wax_Lake_5,29.54139165,-91.42702778,0.07,ASO_Lidar,2016-10-17 22:04:36,0.87,-24.53
Atchafalaya,Wax_Lake_5,29.54139165,-91.42702778,0.07,ASO_Lidar,2016-10-17 22:09:36,0.878,-24.522
Atchafalaya,Wax_Lake_5,29.54139165,-91.42702778,0.07,ASO_Lidar,2016-10-17 22:14:36,0.885,-24.515
Atchafalaya,Wax_Lake_5,29.54139165,-91.42702778,0.07,ASO_Lidar,2016-10-17 22:19:36,0.892,-24.508
Atchafalaya,Wax_Lake_5,29.54139165,-91.42702778,0.07,ASO_Lidar,2016-10-17 22:24:36,0.897,-24.502
Atchafalaya,Wax_Lake_5,29.54139165,-91.42702778,0.07,ASO_Lidar,2016-10-17 22:29:36,0.903,-24.497
Atchafalaya,Wax_Lake_5,29.54139165,-91.42702778,0.07,ASO_Lidar,2016-10-17 22:34:36,0.908,-24.492
Atchafalaya,Wax_Lake_5,29.54139165,-91.42702778,0.07,ASO_Lidar,2016-10-17 22:39:36,0.913,-24.487
Atchafalaya,Wax_Lake_5,29.54139165,-91.42702778,0.07,ASO_Lidar,2016-10-17 22:44:36,0.916,-24.484
Atchafalaya,Wax_Lake_5,29.54139165,-91.42702778,0.07,ASO_Lidar,2016-10-17 22:49:36,0.92,-24.48
Atchafalaya,Wax_Lake_5,29.54139165,-91.42702778,0.07,ASO_Lidar,2016-10-17 22:54:36,0.922,-24.477
Atchafalaya,Wax_Lake_5,29.54139165,-91.42702778,0.07,ASO_Lidar,2016-10-17 22:59:36,0.925,-24.475
Atchafalaya,Wax_Lake_5,29.54139165,-91.42702778,0.07,ASO_Lidar,2016-10-17 23:04:36,0.927,-24.473
Atchafalaya,Wax_Lake_5,29.54139165,-91.42702778,0.07,ASO_Lidar,2016-10-17 23:09:36,0.928,-24.472
Atchafalaya,Wax_Lake_5,29.54139165,-91.42702778,0.07,ASO_Lidar,2016-10-17 23:14:36,0.929,-24.471
Atchafalaya,Wax_Lake_5,29.54139165,-91.42702778,0.07,ASO_Lidar,2016-10-17 23:19:36,0.93,-24.47
Atchafalaya,Wax_Lake_5,29.54139165,-91.42702778,0.07,ASO_Lidar,2016-10-17 23:24:36,0.931,-24.469
Atchafalaya,Wax_Lake_5,29.54139165,-91.42702778,0.07,ASO_Lidar,2016-10-17 23:29:36,0.932,-24.468
Atchafalaya,Wax_Lake_5,29.54139165,-91.42702778,0.07,ASO_Lidar,2016-10-17 23:34:36,0.933,-24.466
Atchafalaya,Wax_Lake_5,29.54139165,-91.42702778,0.07,ASO_Lidar,2016-10-17 23:39:36,0.934,-24.466
Atchafalaya,Wax_Lake_5,29.54139165,-91.42702778,0.07,ASO_Lidar,2016-10-17 23:44:36,0.934,-24.466
Atchafalaya,Wax_Lake_5,29.54139165,-91.42702778,0.07,ASO_Lidar,2016-10-17 23:49:36,0.933,-24.467
Atchafalaya,Wax_Lake_5,29.54139165,-91.42702778,0.07,ASO_Lidar,2016-10-17 23:54:36,0.931,-24.469
Atchafalaya,Wax_Lake_5,29.54139165,-91.42702778,0.07,ASO_Lidar,2016-10-17 23:59:36,0.928,-24.472
Atchafalaya,Wax_Lake_5,29.54139165,-91.42702778,0.07,ASO_Lidar,2016-10-18 00:04:36,0.925,-24.475
Atchafalaya,Wax_Lake_5,29.54139165,-91.42702778,0.07,ASO_Lidar,2016-10-18 00:09:36,0.922,-24.477
Atchafalaya,Wax_Lake_5,29.54139165,-91.42702778,0.07,ASO_Lidar,2016-10-18 00:14:36,0.92,-24.48
Atchafalaya,Wax_Lake_5,29.54139165,-91.42702778,0.07,ASO_Lidar,2016-10-18 00:19:36,0.918,-24.482
Atchafalaya,Wax_Lake_5,29.54139165,-91.42702778,0.07,ASO_Lidar,2016-10-18 00:24:36,0.916,-24.484
Atchafalaya,Wax_Lake_5,29.54139165,-91.42702778,0.07,ASO_Lidar,2016-10-18 00:29:36,0.915,-24.485
Atchafalaya,Wax_Lake_5,29.54139165,-91.42702778,0.07,ASO_Lidar,2016-10-18 00:34:36,0.914,-24.486
Atchafalaya,Wax_Lake_5,29.54139165,-91.42702778,0.07,ASO_Lidar,2016-10-18 00:39:36,0.913,-24.487
Atchafalaya,Wax_Lake_5,29.54139165,-91.42702778,0.07,ASO_Lidar,2016-10-18 00:44:36,0.911,-24.489
Atchafalaya,Wax_Lake_5,29.54139165,-91.42702778,0.07,ASO_Lidar,2016-10-18 00:49:36,0.909,-24.491
Atchafalaya,Wax_Lake_5,29.54139165,-91.42702778,0.07,ASO_Lidar,2016-10-18 00:54:36,0.906,-24.494
Atchafalaya,Wax_Lake_5,29.54139165,-91.42702778,0.07,ASO_Lidar,2016-10-18 00:59:36,0.902,-24.498
Atchafalaya,Wax_Lake_5,29.54139165,-91.42702778,0.07,ASO_Lidar,2016-10-18 01:04:36,0.897,-24.502
Atchafalaya,Wax_Lake_5,29.54139165,-91.42702778,0.07,ASO_Lidar,2016-10-18 01:09:36,0.892,-24.508
Atchafalaya,Wax_Lake_5,29.54139165,-91.42702778,0.07,ASO_Lidar,2016-10-18 01:14:36,0.886,-24.514
Atchafalaya,Wax_Lake_5,29.54139165,-91.42702778,0.07,ASO_Lidar,2016-10-18 01:19:36,0.88,-24.52
Atchafalaya,Wax_Lake_5,29.54139165,-91.42702778,0.07,ASO_Lidar,2016-10-18 01:24:36,0.873,-24.526
Atchafalaya,Wax_Lake_5,29.54139165,-91.42702778,0.07,ASO_Lidar,2016-10-18 01:29:36,0.867,-24.533
Atchafalaya,Wax_Lake_5,29.54139165,-91.42702778,0.07,ASO_Lidar,2016-10-18 01:34:36,0.862,-24.538
Atchafalaya,Wax_Lake_5,29.54139165,-91.42702778,0.07,ASO_Lidar,2016-10-18 01:39:36,0.857,-24.543
Atchafalaya,Wax_Lake_5,29.54139165,-91.42702778,0.07,ASO_Lidar,2016-10-18 01:44:36,0.852,-24.547
Atchafalaya,Wax_Lake_5,29.54139165,-91.42702778,0.07,ASO_Lidar,2016-10-18 01:49:36,0.848,-24.552
Atchafalaya,Wax_Lake_5,29.54139165,-91.42702778,0.07,ASO_Lidar,2016-10-18 01:54:36,0.843,-24.556
Atchafalaya,Wax_Lake_5,29.54139165,-91.42702778,0.07,ASO_Lidar,2016-10-18 01:59:36,0.839,-24.561
Atchafalaya,Wax_Lake_5,29.54139165,-91.42702778,0.07,ASO_Lidar,2016-10-18 02:04:36,0.834,-24.566
Atchafalaya,Wax_Lake_5,29.54139165,-91.42702778,0.07,ASO_Lidar,2016-10-18 02:09:36,0.829,-24.571
Atchafalaya,Wax_Lake_5,29.54139165,-91.42702778,0.07,ASO_Lidar,2016-10-18 02:14:36,0.824,-24.576
Atchafalaya,Wax_Lake_5,29.54139165,-91.42702778,0.07,ASO_Lidar,2016-10-18 02:19:36,0.819,-24.581
Atchafalaya,Wax_Lake_5,29.54139165,-91.42702778,0.07,ASO_Lidar,2016-10-18 02:24:36,0.815,-24.585
Atchafalaya,Wax_Lake_5,29.54139165,-91.42702778,0.07,ASO_Lidar,2016-10-18 02:29:36,0.81,-24.589
Atchafalaya,Wax_Lake_5,29.54139165,-91.42702778,0.07,ASO_Lidar,2016-10-18 02:34:36,0.806,-24.594
Atchafalaya,Wax_Lake_5,29.54139165,-91.42702778,0.07,ASO_Lidar,2016-10-18 02:39:36,0.802,-24.598
Atchafalaya,Wax_Lake_5,29.54139165,-91.42702778,0.07,ASO_Lidar,2016-10-18 02:44:36,0.797,-24.603
Atchafalaya,Wax_Lake_5,29.54139165,-91.42702778,0.07,ASO_Lidar,2016-10-18 02:49:36,0.793,-24.607
Atchafalaya,Wax_Lake_5,29.54139165,-91.42702778,0.07,ASO_Lidar,2016-10-18 02:54:36,0.789,-24.611
Atchafalaya,Wax_Lake_5,29.54139165,-91.42702778,0.07,ASO_Lidar,2016-10-18 02:59:36,0.786,-24.614
Atchafalaya,Wax_Lake_5,29.54139165,-91.42702778,0.07,ASO_Lidar,2016-10-18 03:04:36,0.783,-24.616
Atchafalaya,Wax_Lake_5,29.54139165,-91.42702778,0.07,ASO_Lidar,2016-10-18 03:09:36,0.781,-24.618
Atchafalaya,Wax_Lake_5,29.54139165,-91.42702778,0.07,ASO_Lidar,2016-10-18 03:14:36,0.78,-24.619
Atchafalaya,Wax_Lake_5,29.54139165,-91.42702778,0.07,ASO_Lidar,2016-10-18 03:19:36,0.779,-24.62
Atchafalaya,Wax_Lake_5,29.54139165,-91.42702778,0.07,ASO_Lidar,2016-10-18 03:24:36,0.779,-24.621
Atchafalaya,Wax_Lake_5,29.54139165,-91.42702778,0.07,ASO_Lidar,2016-10-18 03:29:36,0.778,-24.622
Atchafalaya,Wax_Lake_5,29.54139165,-91.42702778,0.07,ASO_Lidar,2016-10-18 03:34:36,0.778,-24.622
Atchafalaya,Wax_Lake_5,29.54139165,-91.42702778,0.07,ASO_Lidar,2016-10-18 03:39:36,0.779,-24.621
Atchafalaya,Wax_Lake_5,29.54139165,-91.42702778,0.07,ASO_Lidar,2016-10-18 03:44:36,0.779,-24.62
Atchafalaya,Wax_Lake_5,29.54139165,-91.42702778,0.07,ASO_Lidar,2016-10-18 03:49:36,0.78,-24.62
Atchafalaya,Wax_Lake_5,29.54139165,-91.42702778,0.07,ASO_Lidar,2016-10-18 03:54:36,0.781,-24.619
Atchafalaya,Wax_Lake_5,29.54139165,-91.42702778,0.07,ASO_Lidar,2016-10-18 03:59:36,0.78,-24.62
Atchafalaya,Wax_Lake_5,29.54139165,-91.42702778,0.07,ASO_Lidar,2016-10-18 04:04:36,0.78,-24.619
Atchafalaya,Wax_Lake_5,29.54139165,-91.42702778,0.07,ASO_Lidar,2016-10-18 04:09:36,0.779,-24.621
Atchafalaya,Wax_Lake_5,29.54139165,-91.42702778,0.07,ASO_Lidar,2016-10-18 04:14:36,0.777,-24.623
Atchafalaya,Wax_Lake_5,29.54139165,-91.42702778,0.07,ASO_Lidar,2016-10-18 04:19:36,0.776,-24.624
Atchafalaya,Wax_Lake_5,29.54139165,-91.42702778,0.07,ASO_Lidar,2016-10-18 04:24:36,0.774,-24.626
Atchafalaya,Wax_Lake_5,29.54139165,-91.42702778,0.07,ASO_Lidar,2016-10-18 04:29:36,0.773,-24.627
Atchafalaya,Wax_Lake_5,29.54139165,-91.42702778,0.07,ASO_Lidar,2016-10-18 04:34:36,0.771,-24.628
Atchafalaya,Wax_Lake_5,29.54139165,-91.42702778,0.07,ASO_Lidar,2016-10-18 04:39:36,0.77,-24.63
Atchafalaya,Wax_Lake_5,29.54139165,-91.42702778,0.07,ASO_Lidar,2016-10-18 04:44:36,0.771,-24.629
Atchafalaya,Wax_Lake_5,29.54139165,-91.42702778,0.07,ASO_Lidar,2016-10-18 04:49:36,0.772,-24.628
Atchafalaya,Wax_Lake_5,29.54139165,-91.42702778,0.07,ASO_Lidar,2016-10-18 04:54:36,0.775,-24.625
Atchafalaya,Wax_Lake_5,29.54139165,-91.42702778,0.07,ASO_Lidar,2016-10-18 04:59:36,0.777,-24.622
Atchafalaya,Wax_Lake_5,29.54139165,-91.42702778,0.07,ASO_Lidar,2016-10-18 05:04:36,0.781,-24.618
Atchafalaya,Wax_Lake_5,29.54139165,-91.42702778,0.07,ASO_Lidar,2016-10-18 05:09:36,0.785,-24.615
Atchafalaya,Wax_Lake_5,29.54139165,-91.42702778,0.07,ASO_Lidar,2016-10-18 05:14:36,0.787,-24.613
Atchafalaya,Wax_Lake_5,29.54139165,-91.42702778,0.07,ASO_Lidar,2016-10-18 05:19:36,0.788,-24.611
Atchafalaya,Wax_Lake_5,29.54139165,-91.42702778,0.07,ASO_Lidar,2016-10-18 05:24:36,0.789,-24.611
Atchafalaya,Wax_Lake_5,29.54139165,-91.42702778,0.07,ASO_Lidar,2016-10-18 05:29:36,0.787,-24.612
Atchafalaya,Wax_Lake_5,29.54139165,-91.42702778,0.07,ASO_Lidar,2016-10-18 05:34:36,0.786,-24.613
Atchafalaya,Wax_Lake_5,29.54139165,-91.42702778,0.07,ASO_Lidar,2016-10-18 05:39:36,0.785,-24.615
Atchafalaya,Wax_Lake_5,29.54139165,-91.42702778,0.07,ASO_Lidar,2016-10-18 05:44:36,0.784,-24.616
Atchafalaya,Wax_Lake_5,29.54139165,-91.42702778,0.07,ASO_Lidar,2016-10-18 05:49:36,0.784,-24.616
Atchafalaya,Wax_Lake_5,29.54139165,-91.42702778,0.07,ASO_Lidar,2016-10-18 05:54:36,0.785,-24.615
Atchafalaya,Wax_Lake_5,29.54139165,-91.42702778,0.07,ASO_Lidar,2016-10-18 05:59:36,0.787,-24.613
Atchafalaya,Wax_Lake_5,29.54139165,-91.42702778,0.07,ASO_Lidar,2016-10-18 06:04:36,0.789,-24.611
Atchafalaya,Wax_Lake_5,29.54139165,-91.42702778,0.07,ASO_Lidar,2016-10-18 06:09:36,0.792,-24.608
Atchafalaya,Wax_Lake_5,29.54139165,-91.42702778,0.07,ASO_Lidar,2016-10-18 06:14:36,0.795,-24.605
Atchafalaya,Wax_Lake_5,29.54139165,-91.42702778,0.07,ASO_Lidar,2016-10-18 06:19:36,0.799,-24.601
Atchafalaya,Wax_Lake_5,29.54139165,-91.42702778,0.07,ASO_Lidar,2016-10-18 06:24:36,0.803,-24.597
Atchafalaya,Wax_Lake_5,29.54139165,-91.42702778,0.07,ASO_Lidar,2016-10-18 06:29:36,0.807,-24.593
Atchafalaya,Wax_Lake_5,29.54139165,-91.42702778,0.07,ASO_Lidar,2016-10-18 06:34:36,0.811,-24.588
Atchafalaya,Wax_Lake_5,29.54139165,-91.42702778,0.07,ASO_Lidar,2016-10-18 06:39:36,0.814,-24.586
Atchafalaya,Wax_Lake_5,29.54139165,-91.42702778,0.07,ASO_Lidar,2016-10-18 06:44:36,0.816,-24.583
Atchafalaya,Wax_Lake_5,29.54139165,-91.42702778,0.07,ASO_Lidar,2016-10-18 06:49:36,0.818,-24.582
Atchafalaya,Wax_Lake_5,29.54139165,-91.42702778,0.07,ASO_Lidar,2016-10-18 06:54:36,0.819,-24.581
Atchafalaya,Wax_Lake_5,29.54139165,-91.42702778,0.07,ASO_Lidar,2016-10-18 06:59:36,0.819,-24.581
Atchafalaya,Wax_Lake_5,29.54139165,-91.42702778,0.07,ASO_Lidar,2016-10-18 07:04:36,0.819,-24.581
Atchafalaya,Wax_Lake_5,29.54139165,-91.42702778,0.07,ASO_Lidar,2016-10-18 07:09:36,0.821,-24.579
Atchafalaya,Wax_Lake_5,29.54139165,-91.42702778,0.07,ASO_Lidar,2016-10-18 07:14:36,0.822,-24.577
Atchafalaya,Wax_Lake_5,29.54139165,-91.42702778,0.07,ASO_Lidar,2016-10-18 07:19:36,0.825,-24.575
Atchafalaya,Wax_Lake_5,29.54139165,-91.42702778,0.07,ASO_Lidar,2016-10-18 07:24:36,0.827,-24.572
Atchafalaya,Wax_Lake_5,29.54139165,-91.42702778,0.07,ASO_Lidar,2016-10-18 07:29:36,0.83,-24.57
Atchafalaya,Wax_Lake_5,29.54139165,-91.42702778,0.07,ASO_Lidar,2016-10-18 07:34:36,0.833,-24.567
Atchafalaya,Wax_Lake_5,29.54139165,-91.42702778,0.07,ASO_Lidar,2016-10-18 07:39:36,0.837,-24.563
Atchafalaya,Wax_Lake_5,29.54139165,-91.42702778,0.07,ASO_Lidar,2016-10-18 07:44:36,0.84,-24.56
Atchafalaya,Wax_Lake_5,29.54139165,-91.42702778,0.07,ASO_Lidar,2016-10-18 07:49:36,0.843,-24.557
Atchafalaya,Wax_Lake_5,29.54139165,-91.42702778,0.07,ASO_Lidar,2016-10-18 07:54:36,0.846,-24.554
Atchafalaya,Wax_Lake_5,29.54139165,-91.42702778,0.07,ASO_Lidar,2016-10-18 07:59:36,0.849,-24.551
Atchafalaya,Wax_Lake_5,29.54139165,-91.42702778,0.07,ASO_Lidar,2016-10-18 08:04:36,0.852,-24.547
Atchafalaya,Wax_Lake_5,29.54139165,-91.42702778,0.07,ASO_Lidar,2016-10-18 08:09:36,0.856,-24.544
Atchafalaya,Wax_Lake_5,29.54139165,-91.42702778,0.07,ASO_Lidar,2016-10-18 08:14:36,0.86,-24.54
Atchafalaya,Wax_Lake_5,29.54139165,-91.42702778,0.07,ASO_Lidar,2016-10-18 08:19:36,0.864,-24.536
Atchafalaya,Wax_Lake_5,29.54139165,-91.42702778,0.07,ASO_Lidar,2016-10-18 08:24:36,0.868,-24.532
Atchafalaya,Wax_Lake_5,29.54139165,-91.42702778,0.07,ASO_Lidar,2016-10-18 08:29:36,0.871,-24.529
Atchafalaya,Wax_Lake_5,29.54139165,-91.42702778,0.07,ASO_Lidar,2016-10-18 08:34:36,0.872,-24.527
Atchafalaya,Wax_Lake_5,29.54139165,-91.42702778,0.07,ASO_Lidar,2016-10-18 08:39:36,0.874,-24.526
Atchafalaya,Wax_Lake_5,29.54139165,-91.42702778,0.07,ASO_Lidar,2016-10-18 08:44:36,0.874,-24.526
Atchafalaya,Wax_Lake_5,29.54139165,-91.42702778,0.07,ASO_Lidar,2016-10-18 08:49:36,0.873,-24.526
Atchafalaya,Wax_Lake_5,29.54139165,-91.42702778,0.07,ASO_Lidar,2016-10-18 08:54:36,0.873,-24.527
Atchafalaya,Wax_Lake_5,29.54139165,-91.42702778,0.07,ASO_Lidar,2016-10-18 08:59:36,0.872,-24.528
Atchafalaya,Wax_Lake_5,29.54139165,-91.42702778,0.07,ASO_Lidar,2016-10-18 09:04:36,0.87,-24.529
Atchafalaya,Wax_Lake_5,29.54139165,-91.42702778,0.07,ASO_Lidar,2016-10-18 09:09:36,0.868,-24.532
Atchafalaya,Wax_Lake_5,29.54139165,-91.42702778,0.07,ASO_Lidar,2016-10-18 09:14:36,0.866,-24.534
Atchafalaya,Wax_Lake_5,29.54139165,-91.42702778,0.07,ASO_Lidar,2016-10-18 09:19:36,0.864,-24.536
Atchafalaya,Wax_Lake_5,29.54139165,-91.42702778,0.07,ASO_Lidar,2016-10-18 09:24:36,0.863,-24.537
Atchafalaya,Wax_Lake_5,29.54139165,-91.42702778,0.07,ASO_Lidar,2016-10-18 09:29:36,0.862,-24.538
Atchafalaya,Wax_Lake_5,29.54139165,-91.42702778,0.07,ASO_Lidar,2016-10-18 09:34:36,0.861,-24.539
Atchafalaya,Wax_Lake_5,29.54139165,-91.42702778,0.07,ASO_Lidar,2016-10-18 09:39:36,0.861,-24.539
Atchafalaya,Wax_Lake_5,29.54139165,-91.42702778,0.07,ASO_Lidar,2016-10-18 09:44:36,0.862,-24.538
Atchafalaya,Wax_Lake_5,29.54139165,-91.42702778,0.07,ASO_Lidar,2016-10-18 09:49:36,0.861,-24.539
Atchafalaya,Wax_Lake_5,29.54139165,-91.42702778,0.07,ASO_Lidar,2016-10-18 09:54:36,0.86,-24.54
Atchafalaya,Wax_Lake_5,29.54139165,-91.42702778,0.07,ASO_Lidar,2016-10-18 09:59:36,0.858,-24.542
Atchafalaya,Wax_Lake_5,29.54139165,-91.42702778,0.07,ASO_Lidar,2016-10-18 10:04:36,0.856,-24.544
Atchafalaya,Wax_Lake_5,29.54139165,-91.42702778,0.07,ASO_Lidar,2016-10-18 10:09:36,0.852,-24.548
Atchafalaya,Wax_Lake_5,29.54139165,-91.42702778,0.07,ASO_Lidar,2016-10-18 10:14:36,0.848,-24.552
Atchafalaya,Wax_Lake_5,29.54139165,-91.42702778,0.07,ASO_Lidar,2016-10-18 10:19:36,0.843,-24.557
Atchafalaya,Wax_Lake_5,29.54139165,-91.42702778,0.07,ASO_Lidar,2016-10-18 10:24:36,0.836,-24.564
Atchafalaya,Wax_Lake_5,29.54139165,-91.42702778,0.07,ASO_Lidar,2016-10-18 10:29:36,0.83,-24.57
Atchafalaya,Wax_Lake_5,29.54139165,-91.42702778,0.07,ASO_Lidar,2016-10-18 10:34:36,0.823,-24.577
Atchafalaya,Wax_Lake_5,29.54139165,-91.42702778,0.07,ASO_Lidar,2016-10-18 10:39:36,0.816,-24.584
Atchafalaya,Wax_Lake_5,29.54139165,-91.42702778,0.07,ASO_Lidar,2016-10-18 10:44:36,0.81,-24.59
Atchafalaya,Wax_Lake_5,29.54139165,-91.42702778,0.07,ASO_Lidar,2016-10-18 10:49:36,0.804,-24.596
Atchafalaya,Wax_Lake_5,29.54139165,-91.42702778,0.07,ASO_Lidar,2016-10-18 10:54:36,0.799,-24.601
Atchafalaya,Wax_Lake_5,29.54139165,-91.42702778,0.07,ASO_Lidar,2016-10-18 10:59:36,0.793,-24.606
Atchafalaya,Wax_Lake_5,29.54139165,-91.42702778,0.07,ASO_Lidar,2016-10-18 11:04:36,0.788,-24.612
Atchafalaya,Wax_Lake_5,29.54139165,-91.42702778,0.07,ASO_Lidar,2016-10-18 11:09:36,0.783,-24.617
Atchafalaya,Wax_Lake_5,29.54139165,-91.42702778,0.07,ASO_Lidar,2016-10-18 11:14:36,0.777,-24.623
Atchafalaya,Wax_Lake_5,29.54139165,-91.42702778,0.07,ASO_Lidar,2016-10-18 11:19:36,0.771,-24.629
Atchafalaya,Wax_Lake_5,29.54139165,-91.42702778,0.07,ASO_Lidar,2016-10-18 11:24:36,0.765,-24.635
Atchafalaya,Wax_Lake_5,29.54139165,-91.42702778,0.07,ASO_Lidar,2016-10-18 11:29:36,0.759,-24.641
Atchafalaya,Wax_Lake_5,29.54139165,-91.42702778,0.07,ASO_Lidar,2016-10-18 11:34:36,0.753,-24.646
Atchafalaya,Wax_Lake_5,29.54139165,-91.42702778,0.07,ASO_Lidar,2016-10-18 11:39:36,0.747,-24.652
Atchafalaya,Wax_Lake_5,29.54139165,-91.42702778,0.07,ASO_Lidar,2016-10-18 11:44:36,0.742,-24.658
Atchafalaya,Wax_Lake_5,29.54139165,-91.42702778,0.07,ASO_Lidar,2016-10-18 11:49:36,0.736,-24.664
Atchafalaya,Wax_Lake_5,29.54139165,-91.42702778,0.07,ASO_Lidar,2016-10-18 11:54:36,0.73,-24.67
Atchafalaya,Wax_Lake_5,29.54139165,-91.42702778,0.07,ASO_Lidar,2016-10-18 11:59:36,0.724,-24.676
Atchafalaya,Wax_Lake_5,29.54139165,-91.42702778,0.07,ASO_Lidar,2016-10-18 12:04:36,0.718,-24.681
Atchafalaya,Wax_Lake_5,29.54139165,-91.42702778,0.07,ASO_Lidar,2016-10-18 12:09:36,0.712,-24.688
Atchafalaya,Wax_Lake_5,29.54139165,-91.42702778,0.07,ASO_Lidar,2016-10-18 12:14:36,0.706,-24.694
Atchafalaya,Wax_Lake_5,29.54139165,-91.42702778,0.07,ASO_Lidar,2016-10-18 12:19:36,0.7,-24.7
Atchafalaya,Wax_Lake_5,29.54139165,-91.42702778,0.07,ASO_Lidar,2016-10-18 12:24:36,0.693,-24.706
Atchafalaya,Wax_Lake_5,29.54139165,-91.42702778,0.07,ASO_Lidar,2016-10-18 12:29:36,0.687,-24.713
Atchafalaya,Wax_Lake_5,29.54139165,-91.42702778,0.07,ASO_Lidar,2016-10-18 12:34:36,0.681,-24.718
Atchafalaya,Wax_Lake_5,29.54139165,-91.42702778,0.07,ASO_Lidar,2016-10-18 12:39:36,0.674,-24.726
Atchafalaya,Wax_Lake_5,29.54139165,-91.42702778,0.07,ASO_Lidar,2016-10-18 12:44:36,0.667,-24.733
Atchafalaya,Wax_Lake_5,29.54139165,-91.42702778,0.07,ASO_Lidar,2016-10-18 12:49:36,0.659,-24.74
Atchafalaya,Wax_Lake_5,29.54139165,-91.42702778,0.07,ASO_Lidar,2016-10-18 12:54:36,0.653,-24.747
Atchafalaya,Wax_Lake_5,29.54139165,-91.42702778,0.07,ASO_Lidar,2016-10-18 12:59:36,0.646,-24.754
Atchafalaya,Wax_Lake_5,29.54139165,-91.42702778,0.07,ASO_Lidar,2016-10-18 13:04:36,0.64,-24.76
Atchafalaya,Wax_Lake_5,29.54139165,-91.42702778,0.07,ASO_Lidar,2016-10-18 13:09:36,0.633,-24.767
Atchafalaya,Wax_Lake_5,29.54139165,-91.42702778,0.07,ASO_Lidar,2016-10-18 13:14:36,0.627,-24.773
Atchafalaya,Wax_Lake_5,29.54139165,-91.42702778,0.07,ASO_Lidar,2016-10-18 13:19:36,0.621,-24.779
Atchafalaya,Wax_Lake_5,29.54139165,-91.42702778,0.07,ASO_Lidar,2016-10-18 13:24:36,0.615,-24.784
Atchafalaya,Wax_Lake_5,29.54139165,-91.42702778,0.07,ASO_Lidar,2016-10-18 13:29:36,0.608,-24.791
Atchafalaya,Wax_Lake_5,29.54139165,-91.42702778,0.07,ASO_Lidar,2016-10-18 13:34:36,0.601,-24.799
Atchafalaya,Wax_Lake_5,29.54139165,-91.42702778,0.07,ASO_Lidar,2016-10-18 13:39:36,0.594,-24.805
Atchafalaya,Wax_Lake_5,29.54139165,-91.42702778,0.07,ASO_Lidar,2016-10-18 13:44:36,0.588,-24.812
Atchafalaya,Wax_Lake_5,29.54139165,-91.42702778,0.07,ASO_Lidar,2016-10-18 13:49:36,0.58,-24.82
Atchafalaya,Wax_Lake_5,29.54139165,-91.42702778,0.07,ASO_Lidar,2016-10-18 13:54:36,0.573,-24.827
Atchafalaya,Wax_Lake_5,29.54139165,-91.42702778,0.07,ASO_Lidar,2016-10-18 13:59:36,0.565,-24.835
Atchafalaya,Wax_Lake_5,29.54139165,-91.42702778,0.07,ASO_Lidar,2016-10-18 14:04:36,0.557,-24.842
Atchafalaya,Wax_Lake_5,29.54139165,-91.42702778,0.07,ASO_Lidar,2016-10-18 14:09:36,0.55,-24.85
Atchafalaya,Wax_Lake_5,29.54139165,-91.42702778,0.07,ASO_Lidar,2016-10-18 14:14:36,0.543,-24.856
Atchafalaya,Wax_Lake_5,29.54139165,-91.42702778,0.07,ASO_Lidar,2016-10-18 14:19:36,0.536,-24.863
Atchafalaya,Wax_Lake_5,29.54139165,-91.42702778,0.07,ASO_Lidar,2016-10-18 14:24:36,0.53,-24.87
Atchafalaya,Wax_Lake_5,29.54139165,-91.42702778,0.07,ASO_Lidar,2016-10-18 14:29:36,0.523,-24.876
Atchafalaya,Wax_Lake_5,29.54139165,-91.42702778,0.07,ASO_Lidar,2016-10-18 14:34:36,0.517,-24.883
Atchafalaya,Wax_Lake_5,29.54139165,-91.42702778,0.07,ASO_Lidar,2016-10-18 14:39:36,0.51,-24.89
Atchafalaya,Wax_Lake_5,29.54139165,-91.42702778,0.07,ASO_Lidar,2016-10-18 14:44:36,0.504,-24.896
Atchafalaya,Wax_Lake_5,29.54139165,-91.42702778,0.07,ASO_Lidar,2016-10-18 14:49:36,0.498,-24.901
Atchafalaya,Wax_Lake_5,29.54139165,-91.42702778,0.07,ASO_Lidar,2016-10-18 14:54:36,0.493,-24.907
Atchafalaya,Wax_Lake_5,29.54139165,-91.42702778,0.07,ASO_Lidar,2016-10-18 14:59:36,0.488,-24.912
Atchafalaya,Wax_Lake_5,29.54139165,-91.42702778,0.07,ASO_Lidar,2016-10-18 15:04:36,0.482,-24.918
Atchafalaya,Wax_Lake_5,29.54139165,-91.42702778,0.07,ASO_Lidar,2016-10-18 15:09:36,0.476,-24.924
Atchafalaya,Wax_Lake_5,29.54139165,-91.42702778,0.07,ASO_Lidar,2016-10-18 15:14:36,0.47,-24.93
Atchafalaya,Wax_Lake_5,29.54139165,-91.42702778,0.07,ASO_Lidar,2016-10-18 15:19:36,0.464,-24.935
Atchafalaya,Wax_Lake_5,29.54139165,-91.42702778,0.07,ASO_Lidar,2016-10-18 15:24:36,0.459,-24.941
Atchafalaya,Wax_Lake_5,29.54139165,-91.42702778,0.07,ASO_Lidar,2016-10-18 15:29:36,0.453,-24.947
Atchafalaya,Wax_Lake_5,29.54139165,-91.42702778,0.07,ASO_Lidar,2016-10-18 15:34:36,0.449,-24.951
Atchafalaya,Wax_Lake_5,29.54139165,-91.42702778,0.07,ASO_Lidar,2016-10-18 15:39:36,0.445,-24.955
Atchafalaya,Wax_Lake_5,29.54139165,-91.42702778,0.07,ASO_Lidar,2016-10-18 15:44:36,0.441,-24.959
Atchafalaya,Wax_Lake_5,29.54139165,-91.42702778,0.07,ASO_Lidar,2016-10-18 15:49:36,0.436,-24.964
Atchafalaya,Wax_Lake_5,29.54139165,-91.42702778,0.07,ASO_Lidar,2016-10-18 15:54:36,0.431,-24.969
Atchafalaya,Wax_Lake_5,29.54139165,-91.42702778,0.07,ASO_Lidar,2016-10-18 15:59:36,0.425,-24.975
Atchafalaya,Wax_Lake_5,29.54139165,-91.42702778,0.07,ASO_Lidar,2016-10-18 16:04:36,0.42,-24.98
Atchafalaya,Wax_Lake_5,29.54139165,-91.42702778,0.07,ASO_Lidar,2016-10-18 16:09:36,0.416,-24.984
Atchafalaya,Wax_Lake_5,29.54139165,-91.42702778,0.07,ASO_Lidar,2016-10-18 16:14:36,0.411,-24.988
Atchafalaya,Wax_Lake_5,29.54139165,-91.42702778,0.07,ASO_Lidar,2016-10-18 16:19:36,0.407,-24.993
Atchafalaya,Wax_Lake_5,29.54139165,-91.42702778,0.07,ASO_Lidar,2016-10-18 16:24:36,0.403,-24.997
Atchafalaya,Wax_Lake_5,29.54139165,-91.42702778,0.07,ASO_Lidar,2016-10-18 16:29:36,0.399,-25.001
Atchafalaya,Wax_Lake_5,29.54139165,-91.42702778,0.07,ASO_Lidar,2016-10-18 16:34:36,0.395,-25.005
Atchafalaya,Wax_Lake_5,29.54139165,-91.42702778,0.07,ASO_Lidar,2016-10-18 16:39:36,0.391,-25.009
Atchafalaya,Wax_Lake_5,29.54139165,-91.42702778,0.07,ASO_Lidar,2016-10-18 16:44:36,0.388,-25.012
Atchafalaya,Wax_Lake_5,29.54139165,-91.42702778,0.07,ASO_Lidar,2016-10-18 16:49:36,0.385,-25.015
Atchafalaya,Wax_Lake_5,29.54139165,-91.42702778,0.07,ASO_Lidar,2016-10-18 16:54:36,0.383,-25.017
Atchafalaya,Wax_Lake_5,29.54139165,-91.42702778,0.07,ASO_Lidar,2016-10-18 16:59:36,0.382,-25.018
Atchafalaya,Wax_Lake_5,29.54139165,-91.42702778,0.07,ASO_Lidar,2016-10-18 17:04:36,0.38,-25.019
Atchafalaya,Wax_Lake_5,29.54139165,-91.42702778,0.07,ASO_Lidar,2016-10-18 17:09:36,0.379,-25.021
Atchafalaya,Wax_Lake_5,29.54139165,-91.42702778,0.07,ASO_Lidar,2016-10-18 17:14:36,0.377,-25.023
Atchafalaya,Wax_Lake_5,29.54139165,-91.42702778,0.07,ASO_Lidar,2016-10-18 17:19:36,0.376,-25.024
Atchafalaya,Wax_Lake_5,29.54139165,-91.42702778,0.07,ASO_Lidar,2016-10-18 17:24:36,0.375,-25.025
Atchafalaya,Wax_Lake_5,29.54139165,-91.42702778,0.07,ASO_Lidar,2016-10-18 17:29:36,0.375,-25.025
Atchafalaya,Wax_Lake_5,29.54139165,-91.42702778,0.07,ASO_Lidar,2016-10-18 17:34:36,0.374,-25.025
Atchafalaya,Wax_Lake_5,29.54139165,-91.42702778,0.07,ASO_Lidar,2016-10-18 17:39:36,0.374,-25.025
Atchafalaya,Wax_Lake_5,29.54139165,-91.42702778,0.07,ASO_Lidar,2016-10-18 17:44:36,0.375,-25.025
Atchafalaya,Wax_Lake_5,29.54139165,-91.42702778,0.07,ASO_Lidar,2016-10-18 17:49:36,0.375,-25.025
Atchafalaya,Wax_Lake_5,29.54139165,-91.42702778,0.07,ASO_Lidar,2016-10-18 17:54:36,0.375,-25.024
Atchafalaya,Wax_Lake_5,29.54139165,-91.42702778,0.07,ASO_Lidar,2016-10-18 17:59:36,0.376,-25.024
Atchafalaya,Wax_Lake_5,29.54139165,-91.42702778,0.07,ASO_Lidar,2016-10-18 18:04:36,0.377,-25.023
Atchafalaya,Wax_Lake_5,29.54139165,-91.42702778,0.07,ASO_Lidar,2016-10-18 18:09:36,0.379,-25.021
Atchafalaya,Wax_Lake_5,29.54139165,-91.42702778,0.07,ASO_Lidar,2016-10-18 18:14:36,0.382,-25.018
Atchafalaya,Wax_Lake_5,29.54139165,-91.42702778,0.07,ASO_Lidar,2016-10-18 18:19:36,0.385,-25.014
Atchafalaya,Wax_Lake_5,29.54139165,-91.42702778,0.07,ASO_Lidar,2016-10-18 18:24:36,0.389,-25.011
Atchafalaya,Wax_Lake_5,29.54139165,-91.42702778,0.07,ASO_Lidar,2016-10-18 18:29:36,0.393,-25.007
Atchafalaya,Wax_Lake_5,29.54139165,-91.42702778,0.07,ASO_Lidar,2016-10-18 18:34:36,0.398,-25.002
Atchafalaya,Wax_Lake_5,29.54139165,-91.42702778,0.07,ASO_Lidar,2016-10-18 18:39:36,0.403,-24.996
Atchafalaya,Wax_Lake_5,29.54139165,-91.42702778,0.07,ASO_Lidar,2016-10-18 18:44:36,0.409,-24.991
Atchafalaya,Wax_Lake_5,29.54139165,-91.42702778,0.07,ASO_Lidar,2016-10-18 18:49:36,0.415,-24.985
Atchafalaya,Wax_Lake_5,29.54139165,-91.42702778,0.07,ASO_Lidar,2016-10-18 18:54:36,0.421,-24.979
Atchafalaya,Wax_Lake_5,29.54139165,-91.42702778,0.07,ASO_Lidar,2016-10-18 18:59:36,0.428,-24.972
Atchafalaya,Wax_Lake_5,29.54139165,-91.42702778,0.07,ASO_Lidar,2016-10-18 19:04:36,0.436,-24.964
Atchafalaya,Wax_Lake_5,29.54139165,-91.42702778,0.07,ASO_Lidar,2016-10-18 19:09:36,0.442,-24.957
Atchafalaya,Wax_Lake_5,29.54139165,-91.42702778,0.07,ASO_Lidar,2016-10-18 19:14:36,0.449,-24.951
Atchafalaya,Wax_Lake_5,29.54139165,-91.42702778,0.07,ASO_Lidar,2016-10-18 19:19:36,0.456,-24.944
Atchafalaya,Wax_Lake_5,29.54139165,-91.42702778,0.07,ASO_Lidar,2016-10-18 19:24:36,0.463,-24.937
Atchafalaya,Wax_Lake_5,29.54139165,-91.42702778,0.07,ASO_Lidar,2016-10-18 19:29:36,0.47,-24.93
Atchafalaya,Wax_Lake_5,29.54139165,-91.42702778,0.07,ASO_Lidar,2016-10-18 19:34:36,0.476,-24.923
Atchafalaya,Wax_Lake_5,29.54139165,-91.42702778,0.07,ASO_Lidar,2016-10-18 19:39:36,0.483,-24.917
Atchafalaya,Wax_Lake_5,29.54139165,-91.42702778,0.07,ASO_Lidar,2016-10-18 19:44:36,0.491,-24.909
Atchafalaya,Wax_Lake_5,29.54139165,-91.42702778,0.07,ASO_Lidar,2016-10-18 19:49:36,0.498,-24.902
Atchafalaya,Wax_Lake_5,29.54139165,-91.42702778,0.07,ASO_Lidar,2016-10-18 19:54:36,0.507,-24.893
Atchafalaya,Wax_Lake_5,29.54139165,-91.42702778,0.07,ASO_Lidar,2016-10-18 19:59:36,0.515,-24.884
Atchafalaya,Wax_Lake_5,29.54139165,-91.42702778,0.07,ASO_Lidar,2016-10-18 20:04:36,0.525,-24.875
Atchafalaya,Wax_Lake_5,29.54139165,-91.42702778,0.07,ASO_Lidar,2016-10-18 20:09:36,0.534,-24.865
Atchafalaya,Wax_Lake_5,29.54139165,-91.42702778,0.07,ASO_Lidar,2016-10-18 20:14:36,0.543,-24.856
Atchafalaya,Wax_Lake_5,29.54139165,-91.42702778,0.07,ASO_Lidar,2016-10-18 20:19:36,0.552,-24.848
Atchafalaya,Wax_Lake_5,29.54139165,-91.42702778,0.07,ASO_Lidar,2016-10-18 20:24:36,0.562,-24.838
Atchafalaya,Wax_Lake_5,29.54139165,-91.42702778,0.07,ASO_Lidar,2016-10-18 20:29:36,0.57,-24.83
Atchafalaya,Wax_Lake_5,29.54139165,-91.42702778,0.07,ASO_Lidar,2016-10-18 20:34:36,0.579,-24.821
Atchafalaya,Wax_Lake_5,29.54139165,-91.42702778,0.07,ASO_Lidar,2016-10-18 20:39:36,0.589,-24.811
Atchafalaya,Wax_Lake_5,29.54139165,-91.42702778,0.07,ASO_Lidar,2016-10-18 20:44:36,0.6,-24.8
Atchafalaya,Wax_Lake_5,29.54139165,-91.42702778,0.07,ASO_Lidar,2016-10-18 20:49:36,0.611,-24.789
Atchafalaya,Wax_Lake_5,29.54139165,-91.42702778,0.07,ASO_Lidar,2016-10-18 20:54:36,0.623,-24.777
Atchafalaya,Wax_Lake_5,29.54139165,-91.42702778,0.07,ASO_Lidar,2016-10-18 20:59:36,0.633,-24.766
Atchafalaya,Wax_Lake_5,29.54139165,-91.42702778,0.07,ASO_Lidar,2016-10-18 21:04:36,0.644,-24.756
Atchafalaya,Wax_Lake_5,29.54139165,-91.42702778,0.07,ASO_Lidar,2016-10-18 21:09:36,0.655,-24.745
Atchafalaya,Wax_Lake_5,29.54139165,-91.42702778,0.07,ASO_Lidar,2016-10-18 21:14:36,0.665,-24.735
Atchafalaya,Wax_Lake_5,29.54139165,-91.42702778,0.07,ASO_Lidar,2016-10-18 21:19:36,0.674,-24.726
Atchafalaya,Wax_Lake_5,29.54139165,-91.42702778,0.07,ASO_Lidar,2016-10-18 21:24:36,0.684,-24.716
Atchafalaya,Wax_Lake_5,29.54139165,-91.42702778,0.07,ASO_Lidar,2016-10-18 21:29:36,0.695,-24.705
Atchafalaya,Wax_Lake_5,29.54139165,-91.42702778,0.07,ASO_Lidar,2016-10-18 21:34:36,0.707,-24.693
Atchafalaya,Wax_Lake_5,29.54139165,-91.42702778,0.07,ASO_Lidar,2016-10-18 21:39:36,0.719,-24.681
Atchafalaya,Wax_Lake_5,29.54139165,-91.42702778,0.07,ASO_Lidar,2016-10-18 21:44:36,0.732,-24.668
Atchafalaya,Wax_Lake_5,29.54139165,-91.42702778,0.07,ASO_Lidar,2016-10-18 21:49:36,0.744,-24.656
Atchafalaya,Wax_Lake_5,29.54139165,-91.42702778,0.07,ASO_Lidar,2016-10-18 21:54:36,0.757,-24.643
Atchafalaya,Wax_Lake_5,29.54139165,-91.42702778,0.07,ASO_Lidar,2016-10-18 21:59:36,0.769,-24.631
Atchafalaya,Wax_Lake_5,29.54139165,-91.42702778,0.07,ASO_Lidar,2016-10-18 22:04:36,0.78,-24.62
Atchafalaya,Wax_Lake_5,29.54139165,-91.42702778,0.07,ASO_Lidar,2016-10-18 22:09:36,0.791,-24.609
Atchafalaya,Wax_Lake_5,29.54139165,-91.42702778,0.07,ASO_Lidar,2016-10-18 22:14:36,0.8,-24.599
Atchafalaya,Wax_Lake_5,29.54139165,-91.42702778,0.07,ASO_Lidar,2016-10-18 22:19:36,0.809,-24.591
Atchafalaya,Wax_Lake_5,29.54139165,-91.42702778,0.07,ASO_Lidar,2016-10-18 22:24:36,0.817,-24.583
Atchafalaya,Wax_Lake_5,29.54139165,-91.42702778,0.07,ASO_Lidar,2016-10-18 22:29:36,0.825,-24.575
Atchafalaya,Wax_Lake_5,29.54139165,-91.42702778,0.07,ASO_Lidar,2016-10-18 22:34:36,0.832,-24.567
Atchafalaya,Wax_Lake_5,29.54139165,-91.42702778,0.07,ASO_Lidar,2016-10-18 22:39:36,0.84,-24.56
Atchafalaya,Wax_Lake_5,29.54139165,-91.42702778,0.07,ASO_Lidar,2016-10-18 22:44:36,0.847,-24.553
Atchafalaya,Wax_Lake_5,29.54139165,-91.42702778,0.07,ASO_Lidar,2016-10-18 22:49:36,0.853,-24.546
Atchafalaya,Wax_Lake_5,29.54139165,-91.42702778,0.07,ASO_Lidar,2016-10-18 22:54:36,0.859,-24.541
Atchafalaya,Wax_Lake_5,29.54139165,-91.42702778,0.07,ASO_Lidar,2016-10-18 22:59:36,0.865,-24.535
Atchafalaya,Wax_Lake_5,29.54139165,-91.42702778,0.07,ASO_Lidar,2016-10-18 23:04:36,0.869,-24.53
Atchafalaya,Wax_Lake_5,29.54139165,-91.42702778,0.07,ASO_Lidar,2016-10-18 23:09:36,0.873,-24.527
Atchafalaya,Wax_Lake_5,29.54139165,-91.42702778,0.07,ASO_Lidar,2016-10-18 23:14:36,0.876,-24.524
Atchafalaya,Wax_Lake_5,29.54139165,-91.42702778,0.07,ASO_Lidar,2016-10-18 23:19:36,0.879,-24.521
Atchafalaya,Wax_Lake_5,29.54139165,-91.42702778,0.07,ASO_Lidar,2016-10-18 23:24:36,0.881,-24.518
Atchafalaya,Wax_Lake_5,29.54139165,-91.42702778,0.07,ASO_Lidar,2016-10-18 23:29:36,0.884,-24.516
Atchafalaya,Wax_Lake_5,29.54139165,-91.42702778,0.07,ASO_Lidar,2016-10-18 23:34:36,0.886,-24.513
Atchafalaya,Wax_Lake_5,29.54139165,-91.42702778,0.07,ASO_Lidar,2016-10-18 23:39:36,0.889,-24.511
Atchafalaya,Wax_Lake_5,29.54139165,-91.42702778,0.07,ASO_Lidar,2016-10-18 23:44:36,0.891,-24.509
Atchafalaya,Wax_Lake_5,29.54139165,-91.42702778,0.07,ASO_Lidar,2016-10-18 23:49:36,0.893,-24.507
Atchafalaya,Wax_Lake_5,29.54139165,-91.42702778,0.07,ASO_Lidar,2016-10-18 23:54:36,0.894,-24.505
Atchafalaya,Wax_Lake_5,29.54139165,-91.42702778,0.07,ASO_Lidar,2016-10-18 23:59:36,0.895,-24.505
Atchafalaya,Wax_Lake_5,29.54139165,-91.42702778,0.07,ASO_Lidar,2016-10-19 00:04:36,0.895,-24.505
Atchafalaya,Wax_Lake_5,29.54139165,-91.42702778,0.07,ASO_Lidar,2016-10-19 00:09:36,0.893,-24.507
Atchafalaya,Wax_Lake_5,29.54139165,-91.42702778,0.07,ASO_Lidar,2016-10-19 00:14:36,0.891,-24.509
Atchafalaya,Wax_Lake_5,29.54139165,-91.42702778,0.07,ASO_Lidar,2016-10-19 00:19:36,0.888,-24.512
Atchafalaya,Wax_Lake_5,29.54139165,-91.42702778,0.07,ASO_Lidar,2016-10-19 00:24:36,0.886,-24.514
Atchafalaya,Wax_Lake_5,29.54139165,-91.42702778,0.07,ASO_Lidar,2016-10-19 00:29:36,0.884,-24.516
Atchafalaya,Wax_Lake_5,29.54139165,-91.42702778,0.07,ASO_Lidar,2016-10-19 00:34:36,0.883,-24.517
Atchafalaya,Wax_Lake_5,29.54139165,-91.42702778,0.07,ASO_Lidar,2016-10-19 00:39:36,0.882,-24.518
Atchafalaya,Wax_Lake_5,29.54139165,-91.42702778,0.07,ASO_Lidar,2016-10-19 00:44:36,0.882,-24.518
Atchafalaya,Wax_Lake_5,29.54139165,-91.42702778,0.07,ASO_Lidar,2016-10-19 00:49:36,0.882,-24.518
Atchafalaya,Wax_Lake_5,29.54139165,-91.42702778,0.07,ASO_Lidar,2016-10-19 00:54:36,0.881,-24.518
Atchafalaya,Wax_Lake_5,29.54139165,-91.42702778,0.07,ASO_Lidar,2016-10-19 00:59:36,0.88,-24.52
Atchafalaya,Wax_Lake_5,29.54139165,-91.42702778,0.07,ASO_Lidar,2016-10-19 01:04:36,0.878,-24.522
Atchafalaya,Wax_Lake_5,29.54139165,-91.42702778,0.07,ASO_Lidar,2016-10-19 01:09:36,0.874,-24.525
Atchafalaya,Wax_Lake_5,29.54139165,-91.42702778,0.07,ASO_Lidar,2016-10-19 01:14:36,0.871,-24.529
Atchafalaya,Wax_Lake_5,29.54139165,-91.42702778,0.07,ASO_Lidar,2016-10-19 01:19:36,0.867,-24.533
Atchafalaya,Wax_Lake_5,29.54139165,-91.42702778,0.07,ASO_Lidar,2016-10-19 01:24:36,0.863,-24.537
Atchafalaya,Wax_Lake_5,29.54139165,-91.42702778,0.07,ASO_Lidar,2016-10-19 01:29:36,0.86,-24.54
Atchafalaya,Wax_Lake_5,29.54139165,-91.42702778,0.07,ASO_Lidar,2016-10-19 01:34:36,0.856,-24.544
Atchafalaya,Wax_Lake_5,29.54139165,-91.42702778,0.07,ASO_Lidar,2016-10-19 01:39:36,0.853,-24.547
Atchafalaya,Wax_Lake_5,29.54139165,-91.42702778,0.07,ASO_Lidar,2016-10-19 01:44:36,0.85,-24.549
Atchafalaya,Wax_Lake_5,29.54139165,-91.42702778,0.07,ASO_Lidar,2016-10-19 01:49:36,0.848,-24.552
Atchafalaya,Wax_Lake_5,29.54139165,-91.42702778,0.07,ASO_Lidar,2016-10-19 01:54:36,0.845,-24.555
Atchafalaya,Wax_Lake_5,29.54139165,-91.42702778,0.07,ASO_Lidar,2016-10-19 01:59:36,0.842,-24.558
Atchafalaya,Wax_Lake_5,29.54139165,-91.42702778,0.07,ASO_Lidar,2016-10-19 02:04:36,0.839,-24.561
Atchafalaya,Wax_Lake_5,29.54139165,-91.42702778,0.07,ASO_Lidar,2016-10-19 02:09:36,0.836,-24.564
Atchafalaya,Wax_Lake_5,29.54139165,-91.42702778,0.07,ASO_Lidar,2016-10-19 02:14:36,0.832,-24.568
Atchafalaya,Wax_Lake_5,29.54139165,-91.42702778,0.07,ASO_Lidar,2016-10-19 02:19:36,0.828,-24.572
Atchafalaya,Wax_Lake_5,29.54139165,-91.42702778,0.07,ASO_Lidar,2016-10-19 02:24:36,0.823,-24.577
Atchafalaya,Wax_Lake_5,29.54139165,-91.42702778,0.07,ASO_Lidar,2016-10-19 02:29:36,0.818,-24.582
Atchafalaya,Wax_Lake_5,29.54139165,-91.42702778,0.07,ASO_Lidar,2016-10-19 02:34:36,0.813,-24.586
Atchafalaya,Wax_Lake_5,29.54139165,-91.42702778,0.07,ASO_Lidar,2016-10-19 02:39:36,0.809,-24.591
Atchafalaya,Wax_Lake_5,29.54139165,-91.42702778,0.07,ASO_Lidar,2016-10-19 02:44:36,0.805,-24.594
Atchafalaya,Wax_Lake_5,29.54139165,-91.42702778,0.07,ASO_Lidar,2016-10-19 02:49:36,0.802,-24.597
Atchafalaya,Wax_Lake_5,29.54139165,-91.42702778,0.07,ASO_Lidar,2016-10-19 02:54:36,0.8,-24.6
Atchafalaya,Wax_Lake_5,29.54139165,-91.42702778,0.07,ASO_Lidar,2016-10-19 02:59:36,0.798,-24.602
Atchafalaya,Wax_Lake_5,29.54139165,-91.42702778,0.07,ASO_Lidar,2016-10-19 03:04:36,0.795,-24.605
Atchafalaya,Wax_Lake_5,29.54139165,-91.42702778,0.07,ASO_Lidar,2016-10-19 03:09:36,0.791,-24.609
Atchafalaya,Wax_Lake_5,29.54139165,-91.42702778,0.07,ASO_Lidar,2016-10-19 03:14:36,0.787,-24.613
Atchafalaya,Wax_Lake_5,29.54139165,-91.42702778,0.07,ASO_Lidar,2016-10-19 03:19:36,0.783,-24.616
Atchafalaya,Wax_Lake_5,29.54139165,-91.42702778,0.07,ASO_Lidar,2016-10-19 03:24:36,0.78,-24.62
Atchafalaya,Wax_Lake_5,29.54139165,-91.42702778,0.07,ASO_Lidar,2016-10-19 03:29:36,0.777,-24.623
Atchafalaya,Wax_Lake_5,29.54139165,-91.42702778,0.07,ASO_Lidar,2016-10-19 03:34:36,0.773,-24.626
Atchafalaya,Wax_Lake_5,29.54139165,-91.42702778,0.07,ASO_Lidar,2016-10-19 03:39:36,0.771,-24.629
Atchafalaya,Wax_Lake_5,29.54139165,-91.42702778,0.07,ASO_Lidar,2016-10-19 03:44:36,0.767,-24.632
Atchafalaya,Wax_Lake_5,29.54139165,-91.42702778,0.07,ASO_Lidar,2016-10-19 03:49:36,0.765,-24.635
Atchafalaya,Wax_Lake_5,29.54139165,-91.42702778,0.07,ASO_Lidar,2016-10-19 03:54:36,0.762,-24.638
Atchafalaya,Wax_Lake_5,29.54139165,-91.42702778,0.07,ASO_Lidar,2016-10-19 03:59:36,0.76,-24.64
Atchafalaya,Wax_Lake_5,29.54139165,-91.42702778,0.07,ASO_Lidar,2016-10-19 04:04:36,0.759,-24.641
Atchafalaya,Wax_Lake_5,29.54139165,-91.42702778,0.07,ASO_Lidar,2016-10-19 04:09:36,0.759,-24.641
Atchafalaya,Wax_Lake_5,29.54139165,-91.42702778,0.07,ASO_Lidar,2016-10-19 04:14:36,0.759,-24.641
Atchafalaya,Wax_Lake_5,29.54139165,-91.42702778,0.07,ASO_Lidar,2016-10-19 04:19:36,0.758,-24.641
Atchafalaya,Wax_Lake_5,29.54139165,-91.42702778,0.07,ASO_Lidar,2016-10-19 04:24:36,0.758,-24.642
Atchafalaya,Wax_Lake_5,29.54139165,-91.42702778,0.07,ASO_Lidar,2016-10-19 04:29:36,0.757,-24.643
Atchafalaya,Wax_Lake_5,29.54139165,-91.42702778,0.07,ASO_Lidar,2016-10-19 04:34:36,0.756,-24.644
Atchafalaya,Wax_Lake_5,29.54139165,-91.42702778,0.07,ASO_Lidar,2016-10-19 04:39:36,0.755,-24.645
Atchafalaya,Wax_Lake_5,29.54139165,-91.42702778,0.07,ASO_Lidar,2016-10-19 04:44:36,0.753,-24.646
Atchafalaya,Wax_Lake_5,29.54139165,-91.42702778,0.07,ASO_Lidar,2016-10-19 04:49:36,0.754,-24.646
Atchafalaya,Wax_Lake_5,29.54139165,-91.42702778,0.07,ASO_Lidar,2016-10-19 04:54:36,0.754,-24.646
Atchafalaya,Wax_Lake_5,29.54139165,-91.42702778,0.07,ASO_Lidar,2016-10-19 04:59:36,0.755,-24.645
Atchafalaya,Wax_Lake_5,29.54139165,-91.42702778,0.07,ASO_Lidar,2016-10-19 05:04:36,0.756,-24.644
Atchafalaya,Wax_Lake_5,29.54139165,-91.42702778,0.07,ASO_Lidar,2016-10-19 05:09:36,0.757,-24.642
Atchafalaya,Wax_Lake_5,29.54139165,-91.42702778,0.07,ASO_Lidar,2016-10-19 05:14:36,0.759,-24.641
Atchafalaya,Wax_Lake_5,29.54139165,-91.42702778,0.07,ASO_Lidar,2016-10-19 05:19:36,0.759,-24.64
Atchafalaya,Wax_Lake_5,29.54139165,-91.42702778,0.07,ASO_Lidar,2016-10-19 05:24:36,0.76,-24.639
Atchafalaya,Wax_Lake_5,29.54139165,-91.42702778,0.07,ASO_Lidar,2016-10-19 05:29:36,0.761,-24.639
Atchafalaya,Wax_Lake_5,29.54139165,-91.42702778,0.07,ASO_Lidar,2016-10-19 05:34:36,0.762,-24.638
Atchafalaya,Wax_Lake_5,29.54139165,-91.42702778,0.07,ASO_Lidar,2016-10-19 05:39:36,0.764,-24.636
Atchafalaya,Wax_Lake_5,29.54139165,-91.42702778,0.07,ASO_Lidar,2016-10-19 05:44:36,0.766,-24.633
Atchafalaya,Wax_Lake_5,29.54139165,-91.42702778,0.07,ASO_Lidar,2016-10-19 05:49:36,0.769,-24.631
Atchafalaya,Wax_Lake_5,29.54139165,-91.42702778,0.07,ASO_Lidar,2016-10-19 05:54:36,0.771,-24.629
Atchafalaya,Wax_Lake_5,29.54139165,-91.42702778,0.07,ASO_Lidar,2016-10-19 05:59:36,0.773,-24.627
Atchafalaya,Wax_Lake_5,29.54139165,-91.42702778,0.07,ASO_Lidar,2016-10-19 06:04:36,0.774,-24.625
Atchafalaya,Wax_Lake_5,29.54139165,-91.42702778,0.07,ASO_Lidar,2016-10-19 06:09:36,0.775,-24.625
Atchafalaya,Wax_Lake_5,29.54139165,-91.42702778,0.07,ASO_Lidar,2016-10-19 06:14:36,0.775,-24.625
Atchafalaya,Wax_Lake_5,29.54139165,-91.42702778,0.07,ASO_Lidar,2016-10-19 06:19:36,0.774,-24.626
Atchafalaya,Wax_Lake_5,29.54139165,-91.42702778,0.07,ASO_Lidar,2016-10-19 06:24:36,0.774,-24.626
Atchafalaya,Wax_Lake_5,29.54139165,-91.42702778,0.07,ASO_Lidar,2016-10-19 06:29:36,0.774,-24.626
Atchafalaya,Wax_Lake_5,29.54139165,-91.42702778,0.07,ASO_Lidar,2016-10-19 06:34:36,0.773,-24.626
Atchafalaya,Wax_Lake_5,29.54139165,-91.42702778,0.07,ASO_Lidar,2016-10-19 06:39:36,0.773,-24.627
Atchafalaya,Wax_Lake_5,29.54139165,-91.42702778,0.07,ASO_Lidar,2016-10-19 06:44:36,0.773,-24.627
Atchafalaya,Wax_Lake_5,29.54139165,-91.42702778,0.07,ASO_Lidar,2016-10-19 06:49:36,0.773,-24.627
Atchafalaya,Wax_Lake_5,29.54139165,-91.42702778,0.07,ASO_Lidar,2016-10-19 06:54:36,0.774,-24.626
Atchafalaya,Wax_Lake_5,29.54139165,-91.42702778,0.07,ASO_Lidar,2016-10-19 06:59:36,0.776,-24.624
Atchafalaya,Wax_Lake_5,29.54139165,-91.42702778,0.07,ASO_Lidar,2016-10-19 07:04:36,0.778,-24.621
Atchafalaya,Wax_Lake_5,29.54139165,-91.42702778,0.07,ASO_Lidar,2016-10-19 07:09:36,0.781,-24.619
Atchafalaya,Wax_Lake_5,29.54139165,-91.42702778,0.07,ASO_Lidar,2016-10-19 07:14:36,0.784,-24.616
Atchafalaya,Wax_Lake_5,29.54139165,-91.42702778,0.07,ASO_Lidar,2016-10-19 07:19:36,0.787,-24.613
Atchafalaya,Wax_Lake_5,29.54139165,-91.42702778,0.07,ASO_Lidar,2016-10-19 07:24:36,0.789,-24.61
Atchafalaya,Wax_Lake_5,29.54139165,-91.42702778,0.07,ASO_Lidar,2016-10-19 07:29:36,0.791,-24.609
Atchafalaya,Wax_Lake_5,29.54139165,-91.42702778,0.07,ASO_Lidar,2016-10-19 07:34:36,0.792,-24.608
Atchafalaya,Wax_Lake_5,29.54139165,-91.42702778,0.07,ASO_Lidar,2016-10-19 07:39:36,0.794,-24.606
Atchafalaya,Wax_Lake_5,29.54139165,-91.42702778,0.07,ASO_Lidar,2016-10-19 07:44:36,0.795,-24.605
Atchafalaya,Wax_Lake_5,29.54139165,-91.42702778,0.07,ASO_Lidar,2016-10-19 07:49:36,0.796,-24.604
Atchafalaya,Wax_Lake_5,29.54139165,-91.42702778,0.07,ASO_Lidar,2016-10-19 07:54:36,0.798,-24.602
Atchafalaya,Wax_Lake_5,29.54139165,-91.42702778,0.07,ASO_Lidar,2016-10-19 07:59:36,0.8,-24.6
Atchafalaya,Wax_Lake_5,29.54139165,-91.42702778,0.07,ASO_Lidar,2016-10-19 08:04:36,0.802,-24.598
Atchafalaya,Wax_Lake_5,29.54139165,-91.42702778,0.07,ASO_Lidar,2016-10-19 08:09:36,0.803,-24.597
Atchafalaya,Wax_Lake_5,29.54139165,-91.42702778,0.07,ASO_Lidar,2016-10-19 08:14:36,0.803,-24.596
Atchafalaya,Wax_Lake_5,29.54139165,-91.42702778,0.07,ASO_Lidar,2016-10-19 08:19:36,0.803,-24.597
Atchafalaya,Wax_Lake_5,29.54139165,-91.42702778,0.07,ASO_Lidar,2016-10-19 08:24:36,0.803,-24.597
Atchafalaya,Wax_Lake_5,29.54139165,-91.42702778,0.07,ASO_Lidar,2016-10-19 08:29:36,0.802,-24.598
Atchafalaya,Wax_Lake_5,29.54139165,-91.42702778,0.07,ASO_Lidar,2016-10-19 08:34:36,0.802,-24.598
Atchafalaya,Wax_Lake_5,29.54139165,-91.42702778,0.07,ASO_Lidar,2016-10-19 08:39:36,0.802,-24.598
Atchafalaya,Wax_Lake_5,29.54139165,-91.42702778,0.07,ASO_Lidar,2016-10-19 08:44:36,0.804,-24.596
Atchafalaya,Wax_Lake_5,29.54139165,-91.42702778,0.07,ASO_Lidar,2016-10-19 08:49:36,0.805,-24.594
Atchafalaya,Wax_Lake_5,29.54139165,-91.42702778,0.07,ASO_Lidar,2016-10-19 08:54:36,0.807,-24.593
Atchafalaya,Wax_Lake_5,29.54139165,-91.42702778,0.07,ASO_Lidar,2016-10-19 08:59:36,0.808,-24.592
Atchafalaya,Wax_Lake_5,29.54139165,-91.42702778,0.07,ASO_Lidar,2016-10-19 09:04:36,0.809,-24.59
Atchafalaya,Wax_Lake_5,29.54139165,-91.42702778,0.07,ASO_Lidar,2016-10-19 09:09:36,0.81,-24.59
Atchafalaya,Wax_Lake_5,29.54139165,-91.42702778,0.07,ASO_Lidar,2016-10-19 09:14:36,0.81,-24.59
Atchafalaya,Wax_Lake_5,29.54139165,-91.42702778,0.07,ASO_Lidar,2016-10-19 09:19:36,0.809,-24.59
Atchafalaya,Wax_Lake_5,29.54139165,-91.42702778,0.07,ASO_Lidar,2016-10-19 09:24:36,0.809,-24.591
Atchafalaya,Wax_Lake_5,29.54139165,-91.42702778,0.07,ASO_Lidar,2016-10-19 09:29:36,0.807,-24.592
Atchafalaya,Wax_Lake_5,29.54139165,-91.42702778,0.07,ASO_Lidar,2016-10-19 09:34:36,0.806,-24.594
Atchafalaya,Wax_Lake_5,29.54139165,-91.42702778,0.07,ASO_Lidar,2016-10-19 09:39:36,0.804,-24.596
Atchafalaya,Wax_Lake_5,29.54139165,-91.42702778,0.07,ASO_Lidar,2016-10-19 09:44:36,0.801,-24.598
Atchafalaya,Wax_Lake_5,29.54139165,-91.42702778,0.07,ASO_Lidar,2016-10-19 09:49:36,0.799,-24.601
Atchafalaya,Wax_Lake_5,29.54139165,-91.42702778,0.07,ASO_Lidar,2016-10-19 09:54:36,0.798,-24.602
Atchafalaya,Wax_Lake_5,29.54139165,-91.42702778,0.07,ASO_Lidar,2016-10-19 09:59:36,0.798,-24.602
Atchafalaya,Wax_Lake_5,29.54139165,-91.42702778,0.07,ASO_Lidar,2016-10-19 10:04:36,0.798,-24.601
Atchafalaya,Wax_Lake_5,29.54139165,-91.42702778,0.07,ASO_Lidar,2016-10-19 10:09:36,0.799,-24.601
Atchafalaya,Wax_Lake_5,29.54139165,-91.42702778,0.07,ASO_Lidar,2016-10-19 10:14:36,0.8,-24.6
Atchafalaya,Wax_Lake_5,29.54139165,-91.42702778,0.07,ASO_Lidar,2016-10-19 10:19:36,0.8,-24.599
Atchafalaya,Wax_Lake_5,29.54139165,-91.42702778,0.07,ASO_Lidar,2016-10-19 10:24:36,0.8,-24.6
Atchafalaya,Wax_Lake_5,29.54139165,-91.42702778,0.07,ASO_Lidar,2016-10-19 10:29:36,0.798,-24.601
Atchafalaya,Wax_Lake_5,29.54139165,-91.42702778,0.07,ASO_Lidar,2016-10-19 10:34:36,0.795,-24.604
Atchafalaya,Wax_Lake_5,29.54139165,-91.42702778,0.07,ASO_Lidar,2016-10-19 10:39:36,0.792,-24.608
Atchafalaya,Wax_Lake_5,29.54139165,-91.42702778,0.07,ASO_Lidar,2016-10-19 10:44:36,0.789,-24.611
Atchafalaya,Wax_Lake_5,29.54139165,-91.42702778,0.07,ASO_Lidar,2016-10-19 10:49:36,0.786,-24.614
Atchafalaya,Wax_Lake_5,29.54139165,-91.42702778,0.07,ASO_Lidar,2016-10-19 10:54:36,0.783,-24.617
Atchafalaya,Wax_Lake_5,29.54139165,-91.42702778,0.07,ASO_Lidar,2016-10-19 10:59:36,0.779,-24.62
Atchafalaya,Wax_Lake_5,29.54139165,-91.42702778,0.07,ASO_Lidar,2016-10-19 11:04:36,0.776,-24.623
Atchafalaya,Wax_Lake_5,29.54139165,-91.42702778,0.07,ASO_Lidar,2016-10-19 11:09:36,0.773,-24.627
Atchafalaya,Wax_Lake_5,29.54139165,-91.42702778,0.07,ASO_Lidar,2016-10-19 11:14:36,0.769,-24.631
Atchafalaya,Wax_Lake_5,29.54139165,-91.42702778,0.07,ASO_Lidar,2016-10-19 11:19:36,0.764,-24.636
Atchafalaya,Wax_Lake_5,29.54139165,-91.42702778,0.07,ASO_Lidar,2016-10-19 11:24:36,0.758,-24.641
Atchafalaya,Wax_Lake_5,29.54139165,-91.42702778,0.07,ASO_Lidar,2016-10-19 11:29:36,0.753,-24.647
Atchafalaya,Wax_Lake_5,29.54139165,-91.42702778,0.07,ASO_Lidar,2016-10-19 11:34:36,0.748,-24.652
Atchafalaya,Wax_Lake_5,29.54139165,-91.42702778,0.07,ASO_Lidar,2016-10-19 11:39:36,0.743,-24.657
Atchafalaya,Wax_Lake_5,29.54139165,-91.42702778,0.07,ASO_Lidar,2016-10-19 11:44:36,0.739,-24.661
Atchafalaya,Wax_Lake_5,29.54139165,-91.42702778,0.07,ASO_Lidar,2016-10-19 11:49:36,0.734,-24.665
Atchafalaya,Wax_Lake_5,29.54139165,-91.42702778,0.07,ASO_Lidar,2016-10-19 11:54:36,0.731,-24.669
Atchafalaya,Wax_Lake_5,29.54139165,-91.42702778,0.07,ASO_Lidar,2016-10-19 11:59:36,0.726,-24.673
Atchafalaya,Wax_Lake_5,29.54139165,-91.42702778,0.07,ASO_Lidar,2016-10-19 12:04:36,0.722,-24.678
Atchafalaya,Wax_Lake_5,29.54139165,-91.42702778,0.07,ASO_Lidar,2016-10-19 12:09:36,0.717,-24.683
Atchafalaya,Wax_Lake_5,29.54139165,-91.42702778,0.07,ASO_Lidar,2016-10-19 12:14:36,0.711,-24.689
Atchafalaya,Wax_Lake_5,29.54139165,-91.42702778,0.07,ASO_Lidar,2016-10-19 12:19:36,0.705,-24.695
Atchafalaya,Wax_Lake_5,29.54139165,-91.42702778,0.07,ASO_Lidar,2016-10-19 12:24:36,0.699,-24.701
Atchafalaya,Wax_Lake_5,29.54139165,-91.42702778,0.07,ASO_Lidar,2016-10-19 12:29:36,0.694,-24.706
Atchafalaya,Wax_Lake_5,29.54139165,-91.42702778,0.07,ASO_Lidar,2016-10-19 12:34:36,0.688,-24.712
Atchafalaya,Wax_Lake_5,29.54139165,-91.42702778,0.07,ASO_Lidar,2016-10-19 12:39:36,0.682,-24.718
Atchafalaya,Wax_Lake_5,29.54139165,-91.42702778,0.07,ASO_Lidar,2016-10-19 12:44:36,0.676,-24.724
Atchafalaya,Wax_Lake_5,29.54139165,-91.42702778,0.07,ASO_Lidar,2016-10-19 12:49:36,0.67,-24.73
Atchafalaya,Wax_Lake_5,29.54139165,-91.42702778,0.07,ASO_Lidar,2016-10-19 12:54:36,0.665,-24.735
Atchafalaya,Wax_Lake_5,29.54139165,-91.42702778,0.07,ASO_Lidar,2016-10-19 12:59:36,0.66,-24.74
Atchafalaya,Wax_Lake_5,29.54139165,-91.42702778,0.07,ASO_Lidar,2016-10-19 13:04:36,0.655,-24.745
Atchafalaya,Wax_Lake_5,29.54139165,-91.42702778,0.07,ASO_Lidar,2016-10-19 13:09:36,0.65,-24.749
Atchafalaya,Wax_Lake_5,29.54139165,-91.42702778,0.07,ASO_Lidar,2016-10-19 13:14:36,0.646,-24.754
Atchafalaya,Wax_Lake_5,29.54139165,-91.42702778,0.07,ASO_Lidar,2016-10-19 13:19:36,0.642,-24.758
Atchafalaya,Wax_Lake_5,29.54139165,-91.42702778,0.07,ASO_Lidar,2016-10-19 13:24:36,0.637,-24.763
Atchafalaya,Wax_Lake_5,29.54139165,-91.42702778,0.07,ASO_Lidar,2016-10-19 13:29:36,0.631,-24.769
Atchafalaya,Wax_Lake_5,29.54139165,-91.42702778,0.07,ASO_Lidar,2016-10-19 13:34:36,0.624,-24.775
Atchafalaya,Wax_Lake_5,29.54139165,-91.42702778,0.07,ASO_Lidar,2016-10-19 13:39:36,0.618,-24.782
Atchafalaya,Wax_Lake_5,29.54139165,-91.42702778,0.07,ASO_Lidar,2016-10-19 13:44:36,0.611,-24.789
Atchafalaya,Wax_Lake_5,29.54139165,-91.42702778,0.07,ASO_Lidar,2016-10-19 13:49:36,0.603,-24.796
Atchafalaya,Wax_Lake_5,29.54139165,-91.42702778,0.07,ASO_Lidar,2016-10-19 13:54:36,0.596,-24.804
Atchafalaya,Wax_Lake_5,29.54139165,-91.42702778,0.07,ASO_Lidar,2016-10-19 13:59:36,0.59,-24.81
Atchafalaya,Wax_Lake_5,29.54139165,-91.42702778,0.07,ASO_Lidar,2016-10-19 14:04:36,0.584,-24.816
Atchafalaya,Wax_Lake_5,29.54139165,-91.42702778,0.07,ASO_Lidar,2016-10-19 14:09:36,0.579,-24.821
Atchafalaya,Wax_Lake_5,29.54139165,-91.42702778,0.07,ASO_Lidar,2016-10-19 14:14:36,0.573,-24.826
Atchafalaya,Wax_Lake_5,29.54139165,-91.42702778,0.07,ASO_Lidar,2016-10-19 14:19:36,0.569,-24.831
Atchafalaya,Wax_Lake_5,29.54139165,-91.42702778,0.07,ASO_Lidar,2016-10-19 14:24:36,0.563,-24.837
Atchafalaya,Wax_Lake_5,29.54139165,-91.42702778,0.07,ASO_Lidar,2016-10-19 14:29:36,0.556,-24.844
Atchafalaya,Wax_Lake_5,29.54139165,-91.42702778,0.07,ASO_Lidar,2016-10-19 14:34:36,0.549,-24.851
Atchafalaya,Wax_Lake_5,29.54139165,-91.42702778,0.07,ASO_Lidar,2016-10-19 14:39:36,0.543,-24.857
Atchafalaya,Wax_Lake_5,29.54139165,-91.42702778,0.07,ASO_Lidar,2016-10-19 14:44:36,0.537,-24.863
Atchafalaya,Wax_Lake_5,29.54139165,-91.42702778,0.07,ASO_Lidar,2016-10-19 14:49:36,0.531,-24.869
Atchafalaya,Wax_Lake_5,29.54139165,-91.42702778,0.07,ASO_Lidar,2016-10-19 14:54:36,0.525,-24.874
Atchafalaya,Wax_Lake_5,29.54139165,-91.42702778,0.07,ASO_Lidar,2016-10-19 14:59:36,0.521,-24.879
Atchafalaya,Wax_Lake_5,29.54139165,-91.42702778,0.07,ASO_Lidar,2016-10-19 15:04:36,0.517,-24.883
Atchafalaya,Wax_Lake_5,29.54139165,-91.42702778,0.07,ASO_Lidar,2016-10-19 15:09:36,0.513,-24.887
Atchafalaya,Wax_Lake_5,29.54139165,-91.42702778,0.07,ASO_Lidar,2016-10-19 15:14:36,0.509,-24.891
Atchafalaya,Wax_Lake_5,29.54139165,-91.42702778,0.07,ASO_Lidar,2016-10-19 15:19:36,0.504,-24.896
Atchafalaya,Wax_Lake_5,29.54139165,-91.42702778,0.07,ASO_Lidar,2016-10-19 15:24:36,0.499,-24.901
Atchafalaya,Wax_Lake_5,29.54139165,-91.42702778,0.07,ASO_Lidar,2016-10-19 15:29:36,0.494,-24.906
Atchafalaya,Wax_Lake_5,29.54139165,-91.42702778,0.07,ASO_Lidar,2016-10-19 15:34:36,0.489,-24.911
Atchafalaya,Wax_Lake_5,29.54139165,-91.42702778,0.07,ASO_Lidar,2016-10-19 15:39:36,0.483,-24.917
Atchafalaya,Wax_Lake_5,29.54139165,-91.42702778,0.07,ASO_Lidar,2016-10-19 15:44:36,0.477,-24.923
Atchafalaya,Wax_Lake_5,29.54139165,-91.42702778,0.07,ASO_Lidar,2016-10-19 15:49:36,0.472,-24.928
Atchafalaya,Wax_Lake_5,29.54139165,-91.42702778,0.07,ASO_Lidar,2016-10-19 15:54:36,0.466,-24.934
Atchafalaya,Wax_Lake_5,29.54139165,-91.42702778,0.07,ASO_Lidar,2016-10-19 15:59:36,0.461,-24.939
Atchafalaya,Wax_Lake_5,29.54139165,-91.42702778,0.07,ASO_Lidar,2016-10-19 16:04:36,0.456,-24.944
Atchafalaya,Wax_Lake_5,29.54139165,-91.42702778,0.07,ASO_Lidar,2016-10-19 16:09:36,0.452,-24.948
Atchafalaya,Wax_Lake_5,29.54139165,-91.42702778,0.07,ASO_Lidar,2016-10-19 16:14:36,0.447,-24.952
Atchafalaya,Wax_Lake_5,29.54139165,-91.42702778,0.07,ASO_Lidar,2016-10-19 16:19:36,0.444,-24.956
Atchafalaya,Wax_Lake_5,29.54139165,-91.42702778,0.07,ASO_Lidar,2016-10-19 16:24:36,0.44,-24.96
Atchafalaya,Wax_Lake_5,29.54139165,-91.42702778,0.07,ASO_Lidar,2016-10-19 16:29:36,0.436,-24.963
Atchafalaya,Wax_Lake_5,29.54139165,-91.42702778,0.07,ASO_Lidar,2016-10-19 16:34:36,0.433,-24.967
Atchafalaya,Wax_Lake_5,29.54139165,-91.42702778,0.07,ASO_Lidar,2016-10-19 16:39:36,0.429,-24.971
Atchafalaya,Wax_Lake_5,29.54139165,-91.42702778,0.07,ASO_Lidar,2016-10-19 16:44:36,0.426,-24.974
Atchafalaya,Wax_Lake_5,29.54139165,-91.42702778,0.07,ASO_Lidar,2016-10-19 16:49:36,0.423,-24.976
Atchafalaya,Wax_Lake_5,29.54139165,-91.42702778,0.07,ASO_Lidar,2016-10-19 16:54:36,0.421,-24.979
Atchafalaya,Wax_Lake_5,29.54139165,-91.42702778,0.07,ASO_Lidar,2016-10-19 16:59:36,0.419,-24.981
Atchafalaya,Wax_Lake_5,29.54139165,-91.42702778,0.07,ASO_Lidar,2016-10-19 17:04:36,0.417,-24.983
Atchafalaya,Wax_Lake_5,29.54139165,-91.42702778,0.07,ASO_Lidar,2016-10-19 17:09:36,0.415,-24.985
Atchafalaya,Wax_Lake_5,29.54139165,-91.42702778,0.07,ASO_Lidar,2016-10-19 17:14:36,0.413,-24.987
Atchafalaya,Wax_Lake_5,29.54139165,-91.42702778,0.07,ASO_Lidar,2016-10-19 17:19:36,0.411,-24.989
Atchafalaya,Wax_Lake_5,29.54139165,-91.42702778,0.07,ASO_Lidar,2016-10-19 17:24:36,0.41,-24.99
Atchafalaya,Wax_Lake_5,29.54139165,-91.42702778,0.07,ASO_Lidar,2016-10-19 17:29:36,0.408,-24.991
Atchafalaya,Wax_Lake_5,29.54139165,-91.42702778,0.07,ASO_Lidar,2016-10-19 17:34:36,0.408,-24.991
Atchafalaya,Wax_Lake_5,29.54139165,-91.42702778,0.07,ASO_Lidar,2016-10-19 17:39:36,0.408,-24.992
Atchafalaya,Wax_Lake_5,29.54139165,-91.42702778,0.07,ASO_Lidar,2016-10-19 17:44:36,0.408,-24.992
Atchafalaya,Wax_Lake_5,29.54139165,-91.42702778,0.07,ASO_Lidar,2016-10-19 17:49:36,0.406,-24.993
Atchafalaya,Wax_Lake_5,29.54139165,-91.42702778,0.07,ASO_Lidar,2016-10-19 17:54:36,0.406,-24.994
Atchafalaya,Wax_Lake_5,29.54139165,-91.42702778,0.07,ASO_Lidar,2016-10-19 17:59:36,0.405,-24.994
Atchafalaya,Wax_Lake_5,29.54139165,-91.42702778,0.07,ASO_Lidar,2016-10-19 18:04:36,0.405,-24.994
Atchafalaya,Wax_Lake_5,29.54139165,-91.42702778,0.07,ASO_Lidar,2016-10-19 18:09:36,0.407,-24.993
Atchafalaya,Wax_Lake_5,29.54139165,-91.42702778,0.07,ASO_Lidar,2016-10-19 18:14:36,0.409,-24.991
Atchafalaya,Wax_Lake_5,29.54139165,-91.42702778,0.07,ASO_Lidar,2016-10-19 18:19:36,0.411,-24.989
Atchafalaya,Wax_Lake_5,29.54139165,-91.42702778,0.07,ASO_Lidar,2016-10-19 18:24:36,0.414,-24.985
Atchafalaya,Wax_Lake_5,29.54139165,-91.42702778,0.07,ASO_Lidar,2016-10-19 18:29:36,0.417,-24.983
Atchafalaya,Wax_Lake_5,29.54139165,-91.42702778,0.07,ASO_Lidar,2016-10-19 18:34:36,0.42,-24.98
Atchafalaya,Wax_Lake_5,29.54139165,-91.42702778,0.07,ASO_Lidar,2016-10-19 18:39:36,0.422,-24.977
Atchafalaya,Wax_Lake_5,29.54139165,-91.42702778,0.07,ASO_Lidar,2016-10-19 18:44:36,0.426,-24.974
Atchafalaya,Wax_Lake_5,29.54139165,-91.42702778,0.07,ASO_Lidar,2016-10-19 18:49:36,0.429,-24.971
Atchafalaya,Wax_Lake_5,29.54139165,-91.42702778,0.07,ASO_Lidar,2016-10-19 18:54:36,0.431,-24.969
Atchafalaya,Wax_Lake_5,29.54139165,-91.42702778,0.07,ASO_Lidar,2016-10-19 18:59:36,0.433,-24.967
Atchafalaya,Wax_Lake_5,29.54139165,-91.42702778,0.07,ASO_Lidar,2016-10-19 19:04:36,0.434,-24.966
Atchafalaya,Wax_Lake_5,29.54139165,-91.42702778,0.07,ASO_Lidar,2016-10-19 19:09:36,0.434,-24.966
Atchafalaya,Wax_Lake_5,29.54139165,-91.42702778,0.07,ASO_Lidar,2016-10-19 19:14:36,0.434,-24.966
Atchafalaya,Wax_Lake_5,29.54139165,-91.42702778,0.07,ASO_Lidar,2016-10-19 19:19:36,0.435,-24.965
Atchafalaya,Wax_Lake_5,29.54139165,-91.42702778,0.07,ASO_Lidar,2016-10-19 19:24:36,0.438,-24.962
Atchafalaya,Wax_Lake_5,29.54139165,-91.42702778,0.07,ASO_Lidar,2016-10-19 19:29:36,0.441,-24.959
Atchafalaya,Wax_Lake_5,29.54139165,-91.42702778,0.07,ASO_Lidar,2016-10-19 19:34:36,0.445,-24.954
Atchafalaya,Wax_Lake_5,29.54139165,-91.42702778,0.07,ASO_Lidar,2016-10-19 19:39:36,0.45,-24.95
Atchafalaya,Wax_Lake_5,29.54139165,-91.42702778,0.07,ASO_Lidar,2016-10-19 19:44:36,0.455,-24.945
Atchafalaya,Wax_Lake_5,29.54139165,-91.42702778,0.07,ASO_Lidar,2016-10-19 19:49:36,0.46,-24.94
Atchafalaya,Wax_Lake_5,29.54139165,-91.42702778,0.07,ASO_Lidar,2016-10-19 19:54:36,0.465,-24.935
Atchafalaya,Wax_Lake_5,29.54139165,-91.42702778,0.07,ASO_Lidar,2016-10-19 19:59:36,0.47,-24.93
Atchafalaya,Wax_Lake_5,29.54139165,-91.42702778,0.07,ASO_Lidar,2016-10-19 20:04:36,0.476,-24.924
Atchafalaya,Wax_Lake_5,29.54139165,-91.42702778,0.07,ASO_Lidar,2016-10-19 20:09:36,0.483,-24.917
Atchafalaya,Wax_Lake_5,29.54139165,-91.42702778,0.07,ASO_Lidar,2016-10-19 20:14:36,0.49,-24.909
Atchafalaya,Wax_Lake_5,29.54139165,-91.42702778,0.07,ASO_Lidar,2016-10-19 20:19:36,0.497,-24.903
Atchafalaya,Wax_Lake_5,29.54139165,-91.42702778,0.07,ASO_Lidar,2016-10-19 20:24:36,0.504,-24.895
Atchafalaya,Wax_Lake_5,29.54139165,-91.42702778,0.07,ASO_Lidar,2016-10-19 20:29:36,0.51,-24.89
Atchafalaya,Wax_Lake_5,29.54139165,-91.42702778,0.07,ASO_Lidar,2016-10-19 20:34:36,0.516,-24.884
Atchafalaya,Wax_Lake_5,29.54139165,-91.42702778,0.07,ASO_Lidar,2016-10-19 20:39:36,0.522,-24.878
Atchafalaya,Wax_Lake_5,29.54139165,-91.42702778,0.07,ASO_Lidar,2016-10-19 20:44:36,0.528,-24.872
Atchafalaya,Wax_Lake_5,29.54139165,-91.42702778,0.07,ASO_Lidar,2016-10-19 20:49:36,0.533,-24.867
Atchafalaya,Wax_Lake_5,29.54139165,-91.42702778,0.07,ASO_Lidar,2016-10-19 20:54:36,0.539,-24.861
Atchafalaya,Wax_Lake_5,29.54139165,-91.42702778,0.07,ASO_Lidar,2016-10-19 20:59:36,0.546,-24.854
Atchafalaya,Wax_Lake_5,29.54139165,-91.42702778,0.07,ASO_Lidar,2016-10-19 21:04:36,0.555,-24.845
Atchafalaya,Wax_Lake_5,29.54139165,-91.42702778,0.07,ASO_Lidar,2016-10-19 21:09:36,0.563,-24.837
Atchafalaya,Wax_Lake_5,29.54139165,-91.42702778,0.07,ASO_Lidar,2016-10-19 21:14:36,0.572,-24.828
Atchafalaya,Wax_Lake_5,29.54139165,-91.42702778,0.07,ASO_Lidar,2016-10-19 21:19:36,0.579,-24.82
Atchafalaya,Wax_Lake_5,29.54139165,-91.42702778,0.07,ASO_Lidar,2016-10-19 21:24:36,0.59,-24.81
Atchafalaya,Wax_Lake_5,29.54139165,-91.42702778,0.07,ASO_Lidar,2016-10-19 21:29:36,0.603,-24.797
Atchafalaya,Wax_Lake_5,29.54139165,-91.42702778,0.07,ASO_Lidar,2016-10-19 21:34:36,0.615,-24.785
Atchafalaya,Wax_Lake_5,29.54139165,-91.42702778,0.07,ASO_Lidar,2016-10-19 21:39:36,0.626,-24.774
Atchafalaya,Wax_Lake_5,29.54139165,-91.42702778,0.07,ASO_Lidar,2016-10-19 21:44:36,0.637,-24.763
Atchafalaya,Wax_Lake_5,29.54139165,-91.42702778,0.07,ASO_Lidar,2016-10-19 21:49:36,0.647,-24.753
Atchafalaya,Wax_Lake_5,29.54139165,-91.42702778,0.07,ASO_Lidar,2016-10-19 21:54:36,0.656,-24.744
Atchafalaya,Wax_Lake_5,29.54139165,-91.42702778,0.07,ASO_Lidar,2016-10-19 21:59:36,0.664,-24.735
Atchafalaya,Wax_Lake_5,29.54139165,-91.42702778,0.07,ASO_Lidar,2016-10-19 22:04:36,0.672,-24.728
Atchafalaya,Wax_Lake_5,29.54139165,-91.42702778,0.07,ASO_Lidar,2016-10-19 22:09:36,0.68,-24.72
Atchafalaya,Wax_Lake_5,29.54139165,-91.42702778,0.07,ASO_Lidar,2016-10-19 22:14:36,0.689,-24.711
Atchafalaya,Wax_Lake_5,29.54139165,-91.42702778,0.07,ASO_Lidar,2016-10-19 22:19:36,0.697,-24.702
Atchafalaya,Wax_Lake_5,29.54139165,-91.42702778,0.07,ASO_Lidar,2016-10-19 22:24:36,0.706,-24.694
Atchafalaya,Wax_Lake_5,29.54139165,-91.42702778,0.07,ASO_Lidar,2016-10-19 22:29:36,0.715,-24.685
Atchafalaya,Wax_Lake_5,29.54139165,-91.42702778,0.07,ASO_Lidar,2016-10-19 22:34:36,0.724,-24.676
Atchafalaya,Wax_Lake_5,29.54139165,-91.42702778,0.07,ASO_Lidar,2016-10-19 22:39:36,0.733,-24.667
Atchafalaya,Wax_Lake_5,29.54139165,-91.42702778,0.07,ASO_Lidar,2016-10-19 22:44:36,0.743,-24.657
Atchafalaya,Wax_Lake_5,29.54139165,-91.42702778,0.07,ASO_Lidar,2016-10-19 22:49:36,0.754,-24.646
Atchafalaya,Wax_Lake_5,29.54139165,-91.42702778,0.07,ASO_Lidar,2016-10-19 22:54:36,0.766,-24.634
Atchafalaya,Wax_Lake_5,29.54139165,-91.42702778,0.07,ASO_Lidar,2016-10-19 22:59:36,0.779,-24.621
Atchafalaya,Wax_Lake_5,29.54139165,-91.42702778,0.07,ASO_Lidar,2016-10-19 23:04:36,0.79,-24.61
Atchafalaya,Wax_Lake_5,29.54139165,-91.42702778,0.07,ASO_Lidar,2016-10-19 23:09:36,0.8,-24.599
Atchafalaya,Wax_Lake_5,29.54139165,-91.42702778,0.07,ASO_Lidar,2016-10-19 23:14:36,0.81,-24.59
Atchafalaya,Wax_Lake_5,29.54139165,-91.42702778,0.07,ASO_Lidar,2016-10-19 23:19:36,0.819,-24.581
Atchafalaya,Wax_Lake_5,29.54139165,-91.42702778,0.07,ASO_Lidar,2016-10-19 23:24:36,0.827,-24.573
Atchafalaya,Wax_Lake_5,29.54139165,-91.42702778,0.07,ASO_Lidar,2016-10-19 23:29:36,0.833,-24.567
Atchafalaya,Wax_Lake_5,29.54139165,-91.42702778,0.07,ASO_Lidar,2016-10-19 23:34:36,0.84,-24.56
Atchafalaya,Wax_Lake_5,29.54139165,-91.42702778,0.07,ASO_Lidar,2016-10-19 23:39:36,0.846,-24.554
Atchafalaya,Wax_Lake_5,29.54139165,-91.42702778,0.07,ASO_Lidar,2016-10-19 23:44:36,0.854,-24.546
Atchafalaya,Wax_Lake_5,29.54139165,-91.42702778,0.07,ASO_Lidar,2016-10-19 23:49:36,0.862,-24.538
Atchafalaya,Wax_Lake_5,29.54139165,-91.42702778,0.07,ASO_Lidar,2016-10-19 23:54:36,0.869,-24.53
Atchafalaya,Wax_Lake_5,29.54139165,-91.42702778,0.07,ASO_Lidar,2016-10-19 23:59:36,0.878,-24.522
Atchafalaya,Wax_Lake_5,29.54139165,-91.42702778,0.07,ASO_Lidar,2016-10-20 00:04:36,0.886,-24.514
Atchafalaya,Wax_Lake_5,29.54139165,-91.42702778,0.07,ASO_Lidar,2016-10-20 00:09:36,0.894,-24.506
Atchafalaya,Wax_Lake_5,29.54139165,-91.42702778,0.07,ASO_Lidar,2016-10-20 00:14:36,0.902,-24.498
Atchafalaya,Wax_Lake_5,29.54139165,-91.42702778,0.07,ASO_Lidar,2016-10-20 00:19:36,0.908,-24.492
Atchafalaya,Wax_Lake_5,29.54139165,-91.42702778,0.07,ASO_Lidar,2016-10-20 00:24:36,0.913,-24.487
Atchafalaya,Wax_Lake_5,29.54139165,-91.42702778,0.07,ASO_Lidar,2016-10-20 00:29:36,0.918,-24.482
Atchafalaya,Wax_Lake_5,29.54139165,-91.42702778,0.07,ASO_Lidar,2016-10-20 00:34:36,0.922,-24.478
Atchafalaya,Wax_Lake_5,29.54139165,-91.42702778,0.07,ASO_Lidar,2016-10-20 00:39:36,0.925,-24.475
Atchafalaya,Wax_Lake_5,29.54139165,-91.42702778,0.07,ASO_Lidar,2016-10-20 00:44:36,0.928,-24.471
Atchafalaya,Wax_Lake_5,29.54139165,-91.42702778,0.07,ASO_Lidar,2016-10-20 00:49:36,0.931,-24.468
Atchafalaya,Wax_Lake_5,29.54139165,-91.42702778,0.07,ASO_Lidar,2016-10-20 00:54:36,0.934,-24.465
Atchafalaya,Wax_Lake_5,29.54139165,-91.42702778,0.07,ASO_Lidar,2016-10-20 00:59:36,0.937,-24.463
Atchafalaya,Wax_Lake_5,29.54139165,-91.42702778,0.07,ASO_Lidar,2016-10-20 01:04:36,0.94,-24.46
Atchafalaya,Wax_Lake_5,29.54139165,-91.42702778,0.07,ASO_Lidar,2016-10-20 01:09:36,0.942,-24.458
Atchafalaya,Wax_Lake_5,29.54139165,-91.42702778,0.07,ASO_Lidar,2016-10-20 01:14:36,0.944,-24.456
Atchafalaya,Wax_Lake_5,29.54139165,-91.42702778,0.07,ASO_Lidar,2016-10-20 01:19:36,0.946,-24.454
Atchafalaya,Wax_Lake_5,29.54139165,-91.42702778,0.07,ASO_Lidar,2016-10-20 01:24:36,0.947,-24.453
Atchafalaya,Wax_Lake_5,29.54139165,-91.42702778,0.07,ASO_Lidar,2016-10-20 01:29:36,0.947,-24.453
Atchafalaya,Wax_Lake_5,29.54139165,-91.42702778,0.07,ASO_Lidar,2016-10-20 01:34:36,0.947,-24.453
Atchafalaya,Wax_Lake_5,29.54139165,-91.42702778,0.07,ASO_Lidar,2016-10-20 01:39:36,0.945,-24.454
Atchafalaya,Wax_Lake_5,29.54139165,-91.42702778,0.07,ASO_Lidar,2016-10-20 01:44:36,0.944,-24.455
Atchafalaya,Wax_Lake_5,29.54139165,-91.42702778,0.07,ASO_Lidar,2016-10-20 01:49:36,0.943,-24.457
Atchafalaya,Wax_Lake_5,29.54139165,-91.42702778,0.07,ASO_Lidar,2016-10-20 01:54:36,0.941,-24.459
Atchafalaya,Wax_Lake_5,29.54139165,-91.42702778,0.07,ASO_Lidar,2016-10-20 01:59:36,0.939,-24.461
Atchafalaya,Wax_Lake_5,29.54139165,-91.42702778,0.07,ASO_Lidar,2016-10-20 02:04:36,0.937,-24.463
Atchafalaya,Wax_Lake_5,29.54139165,-91.42702778,0.07,ASO_Lidar,2016-10-20 02:09:36,0.936,-24.464
